ingredient_name,count
salt,1159
oil,826
water,659
ginger,315
sugar,282
garam masala,263
onion,256
cumin seeds,252
turmeric powder,237
ghee,213
red chili powder,213
coriander powder,212
green chili,210
turmeric,200
red onion,174
cilantro,168
curry leaves,167
cumin powder,164
mustard seeds,154
milk,153
lemon juice,149
cardamom powder,143
garlic,131
kashmiri red chilli powder,129
tomato,114
butter,111
cumin,106
coriander,105
urad dal,104
green chilli,104
pepper,102
baking powder,97
chaat masala,97
bay leaf,95
cilantro or coriander leaves,94
coriander leaves,93
besan,92
ginger garlic paste,88
vanilla extract,88
all purpose flour,86
baking soda,85
carrot,84
kashmiri red chili powder,84
maida,81
capsicum,78
granulated white sugar,77
ajwain,75
cinnamon stick,74
kasuri methi,74
curd,73
black pepper,72
potato,71
chilli,71
chana dal,68
&amp; 1,68
mustard,67
coriander seeds,66
pinch hing,64
coconut,64
tomatoes,64
garlic cloves,62
peanuts,61
soy sauce,60
green chilies,60
powdered sugar,59
dried red chilli,59
hing,59
green peas,58
jaggery,57
pinch of hing,56
corn flour,56
potatoes,54
heavy cream,54
ginger paste or freshly grated or crushed,54
unsalted butter,51
yogurt,51
olive oil,50
rice flour,49
almonds,48
plain yogurt,48
paneer,47
basmati rice,45
jeera,43
cashews,42
black pepper powder,42
cornstarch,42
rava,41
dried red chilies,40
milk powder,39
sesame seeds,39
fennel seeds,39
+ 1,39
carrots,39
pistachios,38
rose water,38
to mato,37
cabbage,37
cashew,36
whole wheat flour,36
kasoori methi,36
smoked paprika,36
raisins,35
ginger paste,34
ginger-garlic paste,34
garam masala powder,34
red pepper,34
aamchur,33
methi,33
wheat flour,33
garlic paste or freshly grated,33
cinnamon,32
peas,32
vinegar,32
vegetable oil,32
pinch of salt,31
pinch salt,31
toor dal,30
cocoa powder,30
mint leaves,30
1,30
spring onion,29
amchur powder,29
black salt,29
4 garlic cloves,28
½ cups water,28
cinnamon powder,27
pods cardamom,26
cashew nuts,26
green chutney,25
fennel,25
coconut milk,25
white vinegar,25
amchur,25
green pepper,25
rice vinegar,25
black cardamom,24
atta,24
oz cream cheese,24
lemon,23
mint,23
5 garlic cloves,23
2 green chilies,23
tomato sauce,22
tomato paste,22
3,22
cardamom,21
sooji,21
mustard oil,21
black peppercorns,21
green cardamom seeds powder,21
tamarind extract,20
brown sugar,20
coconut oil,20
10 curry leaves,20
nuts,20
green cardamoms,20
yellow onion,20
कप पानी,19
honey,19
mixed herbs,18
beans,18
water as required,18
sesame oil,18
golden raisins,18
kala namak,18
rock salt,18
lavang,17
oil for roasting,17
slice bread,17
saffron strands,17
cucumber,17
6 garlic cloves,17
tomato ketchup,17
whole cloves,17
cilantro chutney,17
cream,16
slices bread,16
bread crumbs,16
roasted cumin powder,16
टी स्पून नमक,16
2 green chili,16
star anise,15
poppy seeds,15
chilli sauce,15
dried kashmiri red chilli,15
sev,15
whole milk,15
green cardamom pods,15
desiccated coconut powder,15
jalapeño,15
pure vanilla extract,15
plain yogurt ),15
cooked rice,14
kashmiri chilli powder,14
moong dal,14
sabudana,14
walnuts,14
fenugreek seeds,14
sweet corn,14
+ 2 tablespoons water,14
salted butter,14
gulkand,14
white onion,14
lime,14
½ teaspoons red chili powder,14
dry coconut,13
saffron,13
mozzarella cheese,13
tamarind chutney,13
green cardamom,13
pinch cardamom powder,13
curry powder,13
8 curry leaves,13
sriracha,13
2 tablespoons cilantro,13
paprika,13
corn,12
condensed milk,12
beetroot,12
onions,12
fennel powder,12
biryani masala,12
water to knead,12
pav bhaji masala,12
tomato puree,12
desiccated coconut,12
red chili flakes,12
liter whole milk,12
spinach,12
toasted sesame oil,12
almond flour,12
white granulated sugar,12
½ teaspoon red chili powder,12
a pinch hing,12
chilli flakes,11
warm water,11
whole cashews,11
tutti frutti,11
rolled oats,11
okra,11
cauliflower,11
6 curry leaves,11
टी स्पून तेल,11
green beans,11
white pepper powder,11
7 curry leaves,11
mawa,11
lemon juice or lime juice,11
heavy whipping cream or fresh cream or malai,11
ball sized tamarind,10
schezwan sauce,10
dry yeast,10
jalapeno,10
dates,10
bread slices,10
ice cubes,10
rose syrup,10
unsweetened cocoa powder,10
pinch baking soda,10
methi seeds,10
lime juice,10
mangoes,10
oz extra-firm tofu,10
whole dried red chilies,10
maple syrup,10
grated ginger,10
arhar dal,10
cubes paneer,9
pizza sauce,9
banana,9
sized onion,9
sweet tamarind chutney,9
oil or ghee,9
masoor dal,9
dried oregano,9
cauliflower florets,9
cayenne pepper,9
paprika powder,9
stalks green onion,9
pomegranate arils,9
broken cashews,9
thandai powder,9
jaggery powder,9
yellow moong dal,9
½ tablespoons oil,9
½ cups whole wheat flour,9
fenugreek leaves,9
strands saffron,9
piece tamarind,8
red chilli,8
thickened cream,8
rice,8
litre milk,8
saffron milk,8
aamchur powder,8
hot water,8
pinch asafoetida,8
lauki,8
grated coconut,8
poha,8
avocado,8
kewra water,8
crushed kasuri methi,8
canola oil,8
avocado oil,8
bay leaves,8
heavy whipping cream,8
half lemon,8
tamarind paste,8
red bell pepper,8
quinoa,8
paan leaves,8
green onions,8
⅛ teaspoon hing,8
½ teaspoons coriander powder,8
or ½ cup tomato,8
dry mango powder,7
to matoes,7
saffron water,7
full cream milk,7
chilli powder,7
cheese,7
dry fruits,7
mayonnaise,7
spring onions,7
water for soaking,7
mango puree,7
dried red chili,7
khoya,7
5 curry leaves,7
7 garlic cloves,7
टी स्पून हल्दी,7
shahi jeera,7
मिर्च,7
+ 2 tablespoons milk,7
italian seasoning,7
chat masala,7
eggplant,7
15 curry leaves,7
juice of 1,7
moong dal dhuli,7
sliced almonds,7
grated garlic,7
vegetable broth,7
12 curry leaves,7
oz can diced tomatoes,7
4 tablespoons oil,7
hot sauce,7
pinch saffron strands,7
red onion ),7
vanilla,7
light brown sugar,7
ground cinnamon,7
lemon zest,7
or 1 cup potatoes,7
⅛ teaspoon baking soda,7
rajma,6
तेल,6
कप चीनी,6
olives,6
sesame,6
cashew paste,6
pinch of baking soda,6
mushrooms,6
sambar powder,6
chickpea,6
bhindi,6
dosa batter,6
custard powder,6
pinch of asafoetida,6
pomegranate seeds,6
garlic clove,6
4 curry leaves,6
प्याज,6
ginger powder,6
schezwan chutney,6
idli rice,6
celery,6
juice of 1 lime,6
paneer cubes,6
sweet potatoes,6
nutmeg powder,6
orange food color,6
eggs,6
⅛ teaspoon turmeric powder,6
3 tablespoons heavy cream,6
2 cups water,6
oz can condensed milk,6
white sesame seeds,6
oz can chickpeas,6
water ),6
chocolate chips,6
thai basil,6
black mustard seeds,6
whole green cardamom,6
3 garlic cloves,6
broccoli florets,6
2 tablespoons water,6
lime wedges,6
ghee ),6
generous pinch saffron strands,6
garlic powder,6
roasted peanuts,6
chilled water,6
or 1 cup red onion,6
3 green chilies,6
कप दूध,5
टी स्पून नींबू का रस,5
टेबल स्पून घी,5
pinch of chaat masala,5
tomato pulp,5
saunf,5
badam,5
sweet corn kernels,5
baby potatoes,5
raw mango,5
ginger - garlic paste,5
channa dal,5
thick curd,5
cold water,5
ghee or oil,5
salt as required,5
टी स्पून जीरा,5
boondi,5
buttermilk,5
pinch chaat masala,5
peanut butter,5
टेबल स्पून धनिया,5
kale,5
granulated sugar,5
6 green cardamom pods,5
ground ginger,5
melted ghee,5
⅛ teaspoon red chili powder,5
sour cream,5
green bell pepper,5
chickpeas,5
active dry yeast,5
green coriander chutney,5
frozen green peas,5
oz can coconut milk,5
oz spaghetti,5
+ 1 tablespoon granulated white sugar,5
generous pinch hing,5
1 cup water,5
dried rose petals,5
oz paneer,5
black eyed peas,5
powdered jaggery,5
powdered sugar ),5
green onion,5
3 tablespoons oil,5
cooking oil spray,5
or 1 cup tomato,5
or ½ cup red onion,5
white distilled vinegar,5
sprigs cilantro or coriander leaves,5
½ cups all purpose flour,5
4 cloves garlic,5
piece jaggery,4
कप मैदा,4
strawberry,4
noodles,4
butter for roasting,4
slice tomato,4
soya chunks,4
whole cashew,4
chocolate chip,4
oats,4
breadcrumbs,4
black sesame seeds,4
green capsicum,4
red capsicum,4
sized potato,4
chocolate,4
chana,4
eno,4
bunch spinach,4
roasted chana dal,4
lettuce leaves,4
ginger ),4
slice lemon,4
kashmiri red chilli,4
tamarind pulp,4
cornflour,4
whipped cream,4
jowar flour,4
sweetened condensed milk,4
tamarind juice,4
corn starch,4
palak,4
grated cheese,4
टी स्पून गरम मसाला,4
टी स्पून कश्मीरी लाल मिर्च पाउडर,4
goda masala,4
dry ginger powder,4
kalonji,4
इंच दालचीनी,4
shallots,4
oz spinach,4
juice of 1 lemon,4
black cardamoms,4
chole masala,4
2 teaspoons lemon juice,4
peppercorns,4
chandi ka vark,4
3 cloves,4
balsamic vinegar,4
4 potatoes,4
3 tablespoons cilantro,4
whole dried red chili,4
apples,4
green food color,4
pineapple,4
onion tomato masala,4
ground black pepper,4
juice of half lemon,4
raw cashews,4
oz white mushrooms,4
tamari,4
oil ),4
1 teaspoon salt,4
dark soy sauce,4
flour,4
greek yogurt,4
urad dal dhuli,4
tamarind concentrate,4
+1,4
salt ),4
dijon mustard,4
3 tablespoons water,4
hoisin sauce,4
apple cider vinegar,4
2 tablespoons milk,4
parsley,4
&amp; ½ tablespoons oil,4
&amp; ½ cups water,4
fennel seeds powder,4
to 1 cup water,4
or 1 ½ cups potatoes,4
anardana powder,4
3 tablespoons cilantro or coriander leaves,4
whey,4
or 2 cups potatoes,4
⅛ teaspoon salt,4
½ teaspoon salt,4
dried white chickpeas,4
mango pulp or puree,4
white sugar,4
pav,3
brinjal,3
काजू,3
टी स्पून बेकिंग सोडा,3
cheddar cheese,3
putani,3
gm wheat flour,3
drops green food colour,3
pudina,3
baby corn,3
cold milk,3
gm maida,3
handful of sev,3
warm milk,3
panko bread crumbs,3
mango pulp,3
thick poha,3
green chillies,3
bombay rava,3
cloves,3
carom seeds,3
raw rice,3
grapes,3
gobi,3
cherry,3
mango pieces,3
oregano,3
basil leaves,3
radish,3
aloo bhaji,3
2 tsp oil,3
fresh,3
gram flour,3
a pinch of asafoetida,3
semolina,3
पुत्थी लहसुन,3
कप बेसन,3
टी स्पून धनिया पाउडर,3
dosa rice,3
puffed rice,3
eno fruit salt,3
apple,3
pinch cumin powder,3
pinch turmeric,3
grams sugar,3
florets gobi,3
cooked basmati rice,3
fried onions,3
saffron food colour,3
pear,3
sattu,3
pinch aamchur,3
tea bags,3
suji,3
टी स्पून वेनिला अर्क,3
बे पत्ती,3
फली इलायची,3
टमाटर,3
कप बासमती चावल,3
टी स्पून चीनी,3
पिंच हिंग,3
टी स्पून सरसों,3
कुछ करी पत्ते,3
टी स्पून काली मिर्च,3
गाजर,3
शिमला मिर्च,3
pickle masala,3
zucchini,3
urad dal sabut,3
raw chickpeas,3
chickpea flour,3
black tea bags,3
4 tablespoons granulated white sugar,3
burger buns,3
6 basil leaves,3
baby spinach,3
pecans,3
kewra essence,3
cilantro leaves,3
bell peppers,3
egg,3
3 cups water,3
lb carrots,3
red wine vinegar,3
pink food color,3
3 tablespoons sugar,3
red curry paste,3
raw peanuts,3
1.5 cups water,3
2 carrots,3
oz can black beans,3
crumbled paneer,3
vegetarian oyster sauce,3
oz tofu,3
sendha namak,3
oat milk,3
kashmiri red chili powder ),3
whole green cardamoms,3
stalks green onions,3
2 tablespoons heavy cream,3
medjool dates,3
crushed pistachios,3
green chili sauce,3
4 tablespoons water,3
ragi flour,3
liters whole milk,3
whole milk yogurt,3
3 stalks green onion,3
to 1,3
flaxseed meal,3
citric acid,3
bananas,3
melon seeds,3
+ 1 tablespoon oil,3
3 tablespoons ghee,3
biscoff cookies,3
besan ),3
5 cups water,3
caster sugar,3
ground cloves,3
instant coffee,3
ground nutmeg,3
lemon extract,3
+ 2 tablespoons all purpose flour,3
panch phoron,3
splash vanilla extract,3
dried chickpeas,3
+ 1 tablespoon water,3
⅓ cup water,3
tahini,3
⅓ cup green peas,3
⅓ cup sugar,3
½ cups cabbage,3
khas khas,3
kashmiri dried red chilies,3
4 black peppercorns,3
¼ cup whole wheat flour,3
½ teaspoon coriander powder,3
or 1 ½ cups tomato,3
peanut oil,3
½ teaspoon lemon juice,3
freshly grated nutmeg,3
dry kala chana,3
ginger garlic paste ),3
tomatoes ),3
2 tablespoons cilantro or coriander leaves,3
3 teaspoon lemon juice,3
plain yogurt whisked till smooth),3
½ cups milk,3
or ½ cup carrots,3
5 cashew nuts,3
a pinch sugar,3
singhare ka atta,3
½ - 2 cups water,3
chana masala powder,3
rajgira ka atta,3
moth beans,2
टी स्पून इलाइची पाउडर,2
टेबल स्पून किशमिश,2
टी स्पून बेकिंग पाउडर,2
pinch of kashmiri red chilli powder,2
vermicelli,2
agar agar,2
water or as required,2
gm sugar,2
gm olive oil,2
mango powder,2
mushroom,2
hung curd,2
pod black cardamom,2
rasam powder,2
handful coriander,2
ripened banana,2
red food colour,2
putani powder,2
churumuri,2
fresh coconut,2
peanut powder,2
red chilli flakes,2
handful of coriander leaves,2
peri peri sauce,2
dalia,2
chapati,2
cheddar,2
strands of saffron,2
water to knead dough,2
2 tbsp water,2
lettuce,2
boiled potato,2
oil to grease mould and deep fry,2
glass soda water,2
bitter gourd,2
bread slice,2
ash gourd,2
chia seeds,2
low fat milk,2
choco chips,2
whole dried kashmiri red chilli,2
agar-agar,2
caraway seeds,2
nutmeg,2
whole kashmiri red chilli,2
pinch of cumin powder,2
kashmiri chili powder,2
fistful of coriander leaves,2
scoop vanilla ice cream,2
methi powder,2
suran,2
tin,2
strawberries,2
raw banana,2
thick avalakki,2
cupcake liners,2
thick fresh curd,2
fistful pudina,2
broccoli,2
fistful coriander leaves,2
fried onion,2
mozzarella or cheddar cheese,2
water as required for kneading,2
wheat flour for dusting,2
ghee or oil as required,2
idlis,2
cinammon stick,2
2 red chilli,2
crushed black pepper,2
size tomato,2
size onion,2
of urad dal,2
ball of tamarind,2
tamarind,2
melted butter,2
thin rice flakes,2
3 tsp water,2
3 tbsp oil,2
टी स्पून कसूरी मेथी,2
pinch saffron food colour,2
scoops vanilla ice cream,2
handful mint,2
red-hot charcoal,2
grams oil,2
"butter, room temperature",2
florets cauliflower,2
mango,2
orange,2
hot oil,2
green moong dal,2
idli,2
टी स्पून इलायची पाउडर,2
moong sprouts,2
cubes capsicum,2
dark chocolate,2
eggless mayonnaise,2
"gm carrot, grated",2
idli rice or sona masuri rice,2
cubes cheese,2
kaju,2
thin poha,2
cherry tomato,2
dill leaves,2
horsegram,2
pinch kashmiri red chilli powder,2
butter for toasting,2
टी स्पून मेथी,2
लौंग,2
टी स्पून अदरक लहसुन पेस्ट,2
टी स्पून अदरक पेस्ट,2
बीन्स,2
सूखे लाल मिर्च,2
टेबल स्पून हरा प्याज,2
टेबल स्पून विनेगर,2
टेबल स्पून सोया सॉस,2
pieces of chocolate,2
sugar crystals,2
jasmine rice,2
stalks of spring onion,2
oz semi-sweet chocolate chips,2
crushed coriander seeds,2
more oil,2
2 tablespoons lemon juice,2
dried mango powder,2
water or vegetable broth,2
parsley or cilantro,2
+ 1 teaspoon semolina,2
big garlic cloves,2
hing powder,2
+ 1 tablespoon milk,2
green cardamom powder,2
crumbled khoya,2
dried mango powder [amchur],2
sliced nuts,2
all purpose flour [maida],2
ajwain [carom seeds],2
kasuri methi [dried fenugreek leaves],2
vanilla ice cream,2
parmesan cheese,2
fresh basil,2
urad dal dhuli [split black gram without skin],2
dry milk powder,2
chocolate sauce,2
3 teaspoons ghee,2
dill,2
⅛ teaspoon dried mango powder [amchur],2
whole almonds,2
2 whole dried red chili,2
+ 2 tablespoons granulated sugar,2
cheese slices,2
baby eggplants,2
4 teaspoons lemon juice,2
eggplants,2
⅓ cup milk,2
yellow food color,2
3 teaspoons oil,2
red lentils,2
ground cumin,2
agar agar flakes,2
cherries,2
extra-firm tofu,2
crushed peanuts,2
dried milk powder,2
4 tablespoons milk,2
mooli,2
12 almonds,2
grated mawa,2
rotis,2
coconut extract,2
lemon or lime,2
4 green cardamom pods,2
4 green cardamom,2
black beans,2
kidney beans,2
stalks lemongrass,2
whisked plain yogurt,2
+ 1 teaspoon oil,2
whole black peppercorns,2
4 tablespoons ghee,2
4 tomatoes,2
head cauliflower,2
pinch cinnamon powder,2
thai green chili,2
nylon sev,2
shredded cheese,2
lemon wedges,2
crushed canned tomatoes,2
3 stalks scallions,2
6 black peppercorns,2
sweet onion,2
20 curry leaves,2
tandoori masala,2
15 papdi,2
edible silver leaves,2
5 whole green cardamom pods,2
2 tablespoons nuts,2
+1 tablespoon powdered sugar,2
drops kewra water,2
kala chana,2
urad dal ),2
+ 1-2 tablespoons water,2
grated paneer,2
arbi,2
basil,2
generous pinch of hing,2
10 papdi,2
+ 2 tablespoon ghee,2
ground turmeric,2
6 whole black peppercorns,2
ground cardamom,2
gulab jamuns,2
motichoor ladoo,2
2 jalebi,2
urad dal gota,2
old fashioned rolled oats,2
stalk celery,2
pinch garam masala,2
fine sooji,2
indian butterscotch essence,2
peppers,2
yogurt ),2
gochujang,2
chili bean sauce,2
lb tofu,2
generous pinch baking soda,2
+1 tablespoon ghee,2
4 tablespoons sugar,2
+ 2 tablespoons ghee,2
1 tablespoon oil,2
+ 1 tablespoon sour cream,2
pinch ajwain,2
grated carrots,2
vegan butter,2
chickpea flour [besan],2
5 tablespoons water,2
mint chutney,2
sambal oelek,2
8 garlic cloves,2
all spice,2
parle-g biscuits,2
mustard greens,2
white chocolate melting wafers,2
handful mint leaves,2
drops peppermint extract,2
+1 tablespoon water,2
beets,2
12 whole cashews,2
chipotle powder,2
vegetable broth or water,2
yellow corn,2
red chili powder ),2
3 tablespoons powdered sugar,2
minced garlic,2
minced ginger,2
chili oil,2
1 &amp; 1,2
12 mint leaves,2
confectioners sugar,2
pineapple juice,2
"unsalted butter , at room temperature)",2
cardamom essence,2
almond milk,2
oz chocolate,2
oz heavy cream,2
canola oil or any flavorless oil,2
fresh blueberries,2
orange extract,2
watermelon seeds,2
mashed banana,2
crushed dried rose petals,2
almond extract,2
3 tablespoons milk,2
cardamom pods,2
blueberries,2
unsweetened applesauce,2
rice wine,2
milk ),2
bunches cilantro,2
+1 teaspoon white vinegar,2
roasted vermicelli,2
bura,2
mawa ),2
+ ⅛ teaspoon salt,2
⅓ cup red pepper,2
+ 1 teaspoon thai red curry paste,2
sparkling water,2
&amp; ½ teaspoon ginger garlic paste,2
4 teaspoons vegetable oil,2
mukhwas,2
&amp; ½ tablespoons tahini,2
bunch cilantro,2
5 almonds,2
½ tablespoons lemon juice,2
⅓ cup oil,2
murmura,2
thin nylon sev,2
meethi chutney,2
corn flakes cereal,2
a pinch or 1,2
stick or 4 oz or ½ cup unsalted butter,2
batch buttercream frosting,2
whole green moong dal,2
or 2 cups tomato,2
⅓ cup capsicum,2
7 fenugreek seeds,2
3 black peppercorns,2
to ½ teaspoon garam masala,2
8 cashew nuts,2
dried red chilies ),2
¾ cups water,2
1 teaspoon red chili powder,2
¼ cups milk,2
can sweetened condensed milk,2
½ teaspoon ginger paste or freshly grated or crushed,2
½ teaspoon kashmiri red chili powder,2
3 teaspoons lemon juice,2
⅓ cup tomato,2
½ teaspoons sugar,2
almonds ),2
10 cashew nuts,2
⅛ teaspoon sugar,2
garlic ),2
4 green chilies,2
short grain rice,2
to ¾ cup water,2
chilkewali moong dal,2
coconut ),2
7 cashew nuts,2
⅓ cup potatoes,2
⅓ cup green beans,2
⅓ cup carrots,2
a pinch or ⅛ teaspoon hing,2
⅓ cups all purpose flour,2
½ teaspoons baking powder,2
½ teaspoons ginger paste or freshly grated or crushed,2
sooji ),2
½ cups vegetable stock or water,2
cloves garlic,2
4 tablespoons heavy whipping cream or fresh cream or malai,2
⅛ teaspoon baking powder,2
"coconut , grated)",2
¼ cups water,2
½ teaspoon chaat masala,2
"plain yogurt , sour)",2
2 tablespoons oil,2
½ teaspoons lemon juice,2
vegetable stock or water,2
or 7 oz paneer,2
or ½ cup potatoes,2
strands mace,2
3 green chili,2
a pinch baking powder,2
10 raisins,2
sugar ),2
⅓ - ½ cup sugar,2
⅓ cup salt,2
or ¾ cup red onion,2
a pinch baking soda,2
salt &amp; pepper,2
kashmiri red chilli pwoder,1
farsan,1
कप घी,1
बर्फ का टुकड़ा,1
कप शक्कर,1
सूखे मेवे,1
चाँदी का वर्क,1
कप वर्मिसेली,1
butter for serving,1
honey for serving,1
कप दही,1
कप तेल,1
टी स्पून वनीला अर्क,1
टेबल स्पून चीनी,1
कप शहद,1
कप स्ट्रॉबेरी जैम,1
टेबल स्पून शहद,1
mashed,1
puri,1
handful sev,1
+ 2 tbsp ghee,1
pinch orange food colour,1
+ 1 tsp kasuri methi,1
dried kashmir red chilli,1
chapathi,1
tspschezwan sauce,1
+ 1 tsp olive oil,1
slices processed cheese,1
pinch of soda,1
whole green chilli,1
handful coriander leaves,1
gm curd,1
drops saffron food colour,1
dry fenugreek leaves,1
black chana,1
ball tamarind,1
matar,1
ginger-garlic,1
white peas,1
handful pudina,1
gm or 2 pack rice noodles,1
rd cup honey,1
400 gm tomato,1
custard powder ),1
cubes panner,1
dry grapes,1
milkmaid,1
paan leaf,1
or 25 cloves garlic,1
whole lemon juice,1
"gm unsalted butter, room temperature",1
gm condensed milk,1
gm cream cheese,1
icing sugar,1
rasins,1
whole black pepper,1
handful of pomegranate seeds,1
masala peanuts,1
garlic chutney,1
florets broccoli,1
maggi pack,1
oil to grease &amp; deep fry,1
soda water,1
chana masala,1
cubes mozzarella cheese,1
threads saffron,1
ice cream ),1
green chilli paste,1
sugar + ½ cup brown sugar,1
boiled vegetables,1
coconut chutney,1
pav bhaji masala powder,1
handful of tutti frutti,1
handful of palak,1
instant gulab jamun mix,1
pack maggi noodles or any noodles,1
pack maggi masala,1
boiled potatoes,1
carrot &amp; cucumber sandwich spread,1
leftover chapati,1
garlic mayonnaise,1
slices tomatoes,1
grated mozzarella cheese,1
mustard sauce,1
saffron threads,1
chocolate pieces,1
cups,1
fried gram dal,1
fistful peanuts,1
of urad dal or uddina bele,1
of channa dal or kadle bele,1
of rice flour,1
of dry coconut,1
oil to fry,1
glass cold water,1
litre full cream milk,1
bean,1
soya bean,1
water to boil,1
soya chaap sticks,1
fresh cream,1
half cup skin of ash gourd,1
mace,1
6 whole kashmiri red chilli,1
lukewater as required,1
amla,1
inch ginger,1
methi leaves,1
⅛ tsp turmeric powder,1
handful of mozzarella,1
oil to deep fry,1
green chillis,1
pumpkin,1
moong dal kachori or matar kachori,1
gulla,1
sandige menasu,1
ripped tomatoes,1
generous pinch asafoetida,1
black grapes,1
grape syrup,1
th tsp baking powder,1
th tsp baking soda,1
cooking oil,1
handful of mozzarella cheese,1
jalapeños,1
pinch of chilli flakes,1
pinch of oregano,1
sized purple brinjal,1
tamarind water,1
bunch palak leaves,1
sized potatoes,1
chili sauce,1
sized tomatoes,1
kashmiri red chili pwoder,1
sized capsicum ),1
size raw banana,1
onion ),1
of curd,1
cubes of ice,1
chocolate syrup,1
full cream cows,1
1½ cup buttermilk or 1½ cup warm milk + 1 tsp vinegar,1
bar dark chocolate,1
mustard powder,1
hakka noodles or any noodles,1
seeds methi,1
kashmiri red chili,1
basil seeds,1
falooda sev,1
mango jelly,1
scoop mango ice cream,1
pinch red food colour,1
stem spring onions,1
rice noodles,1
"3 packets oreo biscuits, original vanilla flavour",1
"blocks cream cheese, softened",1
long beans,1
tindora,1
elephant foot yam,1
drumstick,1
pieces mango,1
dried red chilis,1
ginger and garlic,1
dry garlic powder,1
25 kashmiri red chilis,1
cheese slice,1
mayonnaise sauce,1
sized carrot,1
pickled jalapeños,1
black olives,1
4 tsp bisi bele bath masala powder,1
puris,1
pinch of kashmiri chili powder,1
5 kashmiri dried red chili,1
cooked toor dal,1
oreo biscuits,1
3 scoops vanilla ice cream,1
oreo biscuit,1
full cream milk powder,1
4 tbsp milk,1
ripped red tomatoes,1
water as required to knead dough,1
cabbage leaf for placing in tray,1
packet maggi masala,1
packet maggi noodles,1
sized cucumber,1
waffle cones,1
fistful mint,1
­cup ghee,1
full recipe of chole,1
crushed pepper,1
snake gourd,1
piece of tamarind,1
­ cup maida,1
sal,1
water as required to blend smooth,1
idli rava,1
oil to grease idli plate,1
sugar powder,1
instant masala dosa mix,1
2 tsp kashmiri chilli powder,1
whisked curd,1
salt as per the taste,1
water to maintain the consistency,1
carrot ),1
inches ginger,1
1 inch ginger,1
1 tsp kashmiri chilli powder,1
litre water,1
handful spaghetti,1
panko bread crumbs or any of your choice,1
to othpick to secure mushrooms,1
palak leaves,1
big bitter gourd,1
preferably coconut oil,1
big piece jaggery,1
4 tbsp of water for grinding,1
tomato sauce or add as required,1
bowl beetroot,1
salt for taste,1
slice of bread ),1
bowl set dosa batter,1
pepper powder,1
2.5 cups - pods of ripe jackfruit,1
and ¼ cup rava,1
salt a pinch,1
sona masuri rice,1
menthe,1
paper avalakki,1
oil for greasing tawa,1
mattu gulla,1
cooked toor daal,1
3 tbsp udupi sambar powder,1
grape size tamarind,1
3 strands of coriander leaves,1
piece dry pomegranate peels,1
yoghurt,1
sun dried kokum,1
red chilli powder,1
oma,1
oil as required,1
fresh okras,1
green chilli ),1
sprig of curry leaves,1
6 sized okra,1
kadle bele,1
to 12 byadagi or bedgi red chilies,1
to 4 cloves,1
to 14 curry leaves,1
asafoetida,1
of dried coconut,1
stem curry leaves,1
stem coriander leaves,1
tea powder,1
cardamoms,1
half cup milk,1
half cup water,1
toor daal,1
split urad dal,1
sweet potato,1
water to prepare batter,1
plain flour,1
coco powder,1
a pinch of baking soda,1
fistful chocolate chunks,1
fistful raisins,1
sugar powder for toppings,1
chocolate syrup for toppings,1
3 tbsp cup grated jaggary,1
of fresh or desiccated coconut,1
lemon sized tamarind,1
byadgi,1
size cucumber,1
3 dried kashmiri red chillies,1
grape sized tamarind,1
of mustard seeds,1
of coconut,1
coconut oil or cooking oil,1
5 pods garlic,1
strads coriander leaves,1
2 and ½ tsp rasam powder,1
idli rava - cream of rice,1
coconut oil to grease,1
11 bananas,1
fresh grated coconut,1
5 tbsp of sugar,1
4 cardamom,1
3 kashmiri red chillis,1
stalks spring onion,1
2 green chillies,1
springs coriander leaves,1
basale soppu,1
dried kasmiri red chilli,1
sized kumbalakai,1
grated,1
4 tsp oil,1
dried red chillies,1
fistful of groundnuts,1
sugar or as required,1
jackfruit leaves for making idli kotte,1
coconut leaf stick,1
unroasted rava,1
mustard seeds!for avalakki or bajil upkari,1
strand curry leaves,1
red chillies,1
hesaru bele or moong dal,1
⅓ tsp turmeric powder,1
saasuve,1
or ½ tsp garam masala powder,1
or 2 dried red chilli,1
ginger or adrak,1
टेबल स्पून प्याज,1
इंच अदरक,1
हरी मिर्च,1
गुच्छा पालक,1
कप पनीर,1
कप आलू,1
कप कॉर्न फ्लोर,1
बे लीफ,1
टी स्पून सौंफ,1
टी स्पून अदरक लहसुन का पेस्ट,1
टेबल स्पून धनिया पत्ते,1
कप टमाटर का पल्प,1
कप काजू पेस्ट,1
dry mango pwoder,1
ball sized wheat dough,1
baingan,1
puliyogare masala,1
crushed dry fruits,1
mango ),1
jeea,1
glass cola,1
kesar,1
chilli paste,1
water to grind,1
¾ cup ghee,1
pinch of orange food colour,1
grams kokum,1
drumsticks,1
pack noodles,1
of orange food colour,1
raw papaya,1
drops food colour,1
leaves mint,1
grams ash gourd,1
raspberry,1
scoop vanilla ice-cream,1
pomegranate,1
cubes potato,1
green chillli,1
roasted split gram,1
petals onion,1
black chickpea,1
tutti-frutti,1
टेबल स्पून दूध पाउडर,1
टी स्पून दही,1
ग्राम फाइन सेवई,1
टेबल स्पून बादाम,1
टेबल स्पून काजू,1
टेबल स्पून चिरौंजी,1
टेबल स्पून पिस्ता,1
कप खजूर,1
टी स्पून केवरा पानी,1
gm butter,1
of ghee,1
cashew &amp; almond,1
gms suvarnagadde,1
lemon sized tamarind extract,1
bansi rava,1
drops of green food colour,1
th tsp cardamom powder,1
silver vark,1
baby potato,1
butter to grill,1
chikpea,1
grams curd,1
grams maida,1
grams tutti frutti,1
parle-g,1
rd cup thickened cream,1
white chocolate for decoration,1
badam &amp; pistachios,1
burger bun,1
gm milk,1
"gm milk powder, full cream",1
sprinkle kashmiri red chilli powder,1
sprinkle cumin powder,1
sprinkle chaat masala,1
sprinkle salt,1
coriander to garnish,1
garam masala[,1
oil for roasting chilla,1
eno fruit salt or pinch of baking soda,1
gm milkmaid,1
gm cocoa powder,1
salt or sand,1
kokum,1
shah jeera,1
biryani masala powder,1
pack vermicelli noodles,1
spring roll sheets,1
gm buttermilk,1
3 tbsp water,1
balck pepper,1
kashmir red chilli powder,1
papad,1
almond,1
orange food colour,1
elbow macaroni,1
cube paneer,1
cube capsicum,1
jeerakasala rice,1
limestone,1
kewda water,1
corn flakes,1
lobia,1
ghee for roasting,1
slice jalapeno,1
oil for greasing,1
maize flour,1
bunch mustard leaves,1
cornmeal,1
water to seal,1
kahmiri red chilli powder,1
pack rice vermicelli,1
handful curry leaves,1
bunch radish leaves,1
slice potato,1
slice cucumber,1
chill,1
orange mandarin,1
leaves pudina,1
cashew &amp; almonds,1
water for kneading,1
fried peanuts,1
pomegranate powder,1
choc bits,1
सेब,1
टी स्पून केसर खाद्य रंग,1
टी स्पून दालचीनी पाउडर,1
कप इडली चावल,1
कप उड़द दाल,1
कप पोहा,1
पानी,1
कप चुकंदर,1
टेबल स्पून चुकंदर,1
टेबल स्पून मिंट,1
bunch palak,1
टेबल स्पून रवा,1
टेबल स्पून नींबू का रस,1
टेबल स्पून तेल,1
टी स्पून ईनो फ्रूट साल्ट,1
टी स्पून तिल,1
टेबल स्पून नारियल,1
bajra atta,1
raw plantain,1
टी स्पून बेसन,1
टेबल स्पून धनिया स्टेम,1
टेबल स्पून मटर,1
कप तूर दाल,1
सूखे कोकम,1
टी स्पून जीरा पाउडर,1
टी स्पून गुड़,1
टेबल स्पून मूंगफली,1
टी स्पून घी,1
टी स्पून उड़द दाल,1
टी स्पून चना दाल,1
कप गाजर,1
कप बीन्स,1
कप नारियल,1
रॉ प्लांटैन,1
टेबल स्पून चावल का आटा,1
कप मक्खन,1
कप नारियल का दूध,1
कप छाछ,1
कप व्हिपिंग क्रीम,1
कप पाउडर चीनी,1
कप डेसिकेटेड नारियल,1
कुछ चेरी,1
पैक नूडल्स,1
टेबल स्पून कॉर्न फ्लोर,1
टेबल स्पून पत्ता गोभी,1
कप टमाटर सॉस,1
टी स्पून शेज़वान सॉस,1
टी स्पून कॉर्न फ्लोर,1
ग्राम मशरूम,1
drops or ¼ tsp red food colour,1
corainder powder,1
udupi saaru pudi,1
pack maggi tastemaker,1
pack maggi,1
+ ¼ cup ghee,1
cardamom power,1
ball sized,1
colocasia leaves,1
yeast,1
corn flakes crumb,1
cubes onion,1
sliced capsicum,1
sliced olives,1
coriander pwoder,1
fenugreek,1
chiroti rava,1
gingelly oil,1
banana leaf,1
ragda,1
samosa,1
garam amasala,1
panner,1
peanut oil for serving,1
pickle masala for serving,1
cream for garnishing,1
mint for garnishing,1
thread saffron,1
"shallot, halves",1
sugarpinch hing,1
"grams butter, softened",1
grams wheat flour,1
slice mozzarella cheese,1
tomatoes [500 grams],1
5 garlic cloves [12 grams],1
ginger [12 grams],1
green chili [1 gram] or adjust,1
spinach [75 grams],1
2 cheese slices,1
rice vinegar or use regular white vinegar,1
can sweetened condensed milk [14 oz,1
generous pinch of nutmeg powder,1
poblano pepper,1
chipotle peppers in adobo sauce,1
extra adobo sauce,1
cilantro or mint,1
red chili pwoder,1
water + 1.5 cups water,1
7 peppercorns,1
russet potato or 2 potatoes,1
3 cups cooked jasmine rice,1
carrot cubes,1
pinch of white pepper powder,1
oz uncle ben&#039;s roasted garlic rice,1
oz extra firm tofu,1
2 tablespoons roasted peanuts,1
black pepper or,1
sprig green onion,1
cooked quinoa,1
pinch of cayenne pepper,1
+2 tablespoons lite coconut milk,1
6 peppercorns,1
oz frozen chikoo slices,1
4 tablespoons tahini,1
10 peppercorns,1
asafoetida powder,1
frozen berries,1
frozen banana,1
3 teaspoons maple syrup,1
4 garlic,1
5 buns,1
lemon slices,1
raw green mangoes,1
30 mint leaves,1
stick,1
ounces water,1
ounces all purpose flour,1
12 strawberries,1
oz can chickpeas or use 1.25 cups cooked chickpeas,1
spinach blend,1
cayenne,1
garam masala powder + more to sprinkle,1
8 tablespoons coconut milk,1
potato or 2,1
pinch of ajwain,1
very mangoes or 3 mangoes,1
6 ice cubes,1
glazed cherries,1
coconut cream,1
egg yolks,1
pinch of nutmeg powder,1
2 teaspoons of caster sugar per ramekin,1
toasted coconut chips,1
mixed dal [equal amount of toor,1
3 tomatoes,1
coconut powder,1
4 tablespoons chocolate chips,1
roasted nuts,1
5 lettuce leaves,1
cheese slices [i used pepper jack cheese],1
tomato chili ketchup [or use regular ketchup and mix 1-2 teaspoons sriracha with it],1
cilantro mint chutney,1
potatoes [around 420 grams],1
carrot [around 1,1
garlic [from 3-4 garlic pods],1
+ 2 teaspoons vegetable oil,1
black salt [kala namak],1
garam masala powder [optional],1
red onions,1
2 bay leaves,1
firmly packed methi,1
garam masala powder + more to sprinkle on top,1
water or as required to knead the dough,1
oil [i used avocado oil],1
shredded cauliflower [from 1,1
ajwain seeds [carom seeds],1
moong dal [120 grams],1
sugar [add 1-2 tablespoons more for sweetness],1
pinch of saffron strands,1
5 green cardamom,1
black peppercorn,1
tomatoes [around 550 grams],1
minced garlic and ginger,1
kashmiri mirch powder,1
cilantro + more to sprinkle later,1
drops of kewra essence,1
french baguette,1
roma tomatoes,1
garlic salt,1
pinch of pepper,1
⅓ cup water or adjust to how thick or thin you want the consistency,1
⅓ teaspoon black salt,1
⅓ teaspoon amchur powder,1
beetroots,1
green chili [or add more ],1
peaches,1
old fashioned oats,1
cinnamon powder [i went a little heavy on cinnamon powder,1
puff pastry sheet [9x9],1
olives [i used california black ripe olives],1
3 teaspoons vegetable oil,1
oz pack of almond breeze almond milk original,1
6 tablespoons granulated white sugar or,1
pinch garam masala powder,1
fresh cilantro,1
rava or sooji [fine semolina],1
boiling water,1
8 cashews,1
⅛ teaspoon hing [asafoetida],1
chana dal [split bengal gram],1
ghee [clarified butter],1
salt or,1
⅛ teaspoon red chili powder or,1
milk [i used 2%],1
⅓ cup + 3 teaspoons granulated white sugar,1
3 tablespoons granulated white sugar or,1
vanilla extract [optional],1
30 crackers [i used ritz® crackers],1
fresh mint leaves,1
fresh strawberry puree [from around 20-25 strawberries],1
3 tablespoons sugar or,1
2 pinch of cardamom powder,1
rose water [optional],1
coriander or cilantro,1
ginger piece,1
urad dal chilka,1
+ 2 tablespoons chana dal,1
red chili powder [adjust ],1
4 whole dried red chilies,1
pinch of red chili powder,1
sugar or,1
loose tea leaves [i used indian society tea brand],1
kale [ using food processor],1
scallion or spring onion [only the white part],1
english cucumber [around ¼ cup grated cucumber],1
gm white button mushrooms,1
fresh ginger-garlic paste,1
crushed kasuri methi [dried fenugreek leaves],1
cauliflower head,1
⅓ cup green peas [i used frozen],1
sugar [i used vegan granulated white sugar],1
whole dry red chili,1
⅛ teaspoon ginger powder,1
lemon juice [optional],1
rise krispies,1
chat masala [optional],1
pizza base,1
thick yogurt or hung curd,1
shredded mozzarella cheese or,1
sandwich masala,1
big green pepper,1
4 tablespoons coriander-mint chutney [homemade or store bought],1
cheese slices [i used amul cheese slice],1
red bell pepper or ¼ of a big pepper,1
ghee [or butter],1
whole red chilies,1
moong dal dhuli [yellow split lentil],1
40 raisins,1
sugar [optional],1
sweet tamarind chutney [i used store bought],1
+ ⅛ teaspoon cinnamon powder,1
⅛ teaspoon nutmeg powder,1
drops of rose essence [optional],1
shredded coconut,1
dried figs,1
3 saffron strands,1
sweet corn [i used frozen],1
⅛ th teaspoon red chili powder or,1
3 tablespoons of butter,1
3 tablespoons of water,1
+ 2 tablespoons pineapple,1
⅛ teaspoon smoked paprika,1
mint flakes,1
onion seeds [kalonji],1
coconut [use fresh for best result],1
sesame seeds [till],1
poppy seeds [khus khus],1
6 cups cabbage,1
+ ⅛ tsp mustard seeds,1
⅓ cup coconut,1
whole dry red chilies,1
+ 2-3 tablespoons all purpose flour,1
+ 3 tablespoons whole milk,1
+ 2 tablespoons warm water [~ 115 f degrees],1
+ 1 teaspoon granulated sugar [1 tsp is to be added in the yeast mixture],1
11 pieces bread,1
⅓ cup pizza sauce,1
10 mint leaves,1
litre whole milk,1
watermelon,1
5 mint leaves,1
dried mint,1
black loose tea leaves,1
crushed pineapple [ i used crushed pineapple can],1
paan leaves [betel leaves],1
milk [i used 1%],1
gulkand [rose petal preserve],1
corn kernels [i used frozen corn],1
dried basil,1
spinach leaves,1
to rtillas,1
kasturi methi,1
white potatoes [260 grams],1
x 15.5 oz can of chickpeas,1
more cilantro,1
fruit salt,1
black beans [234 grams],1
chipotle powder + more to sprinkle at the end,1
water [use 1.5 cups water for less saucy beans],1
zucchinis,1
2 teaspoon fresh lemon juice,1
yellow or red onion,1
ground coriander,1
ground sumac,1
dried parsley,1
dried mint flakes,1
pinch of sugar,1
2.5 cups water or vegetable broth,1
4 tablespoon bread crumbs,1
+ 1.5 teaspoon oil,1
dragon fruit,1
liter vanilla ice cream,1
10 paan leaves,1
canided fennel,1
mishri,1
4 dates,1
mint extract,1
drops green food color,1
thick coconut milk,1
raw mangoes,1
panchporan,1
tabelspoons peanut butter,1
cooked chickpeas,1
diced tomato,1
diced cucumber,1
diced celery,1
15 basil leaves,1
7 green cardamom pods,1
can evaporated milk,1
can condensed milk,1
fresh strawberry puree,1
strawberry extract,1
pinch hing ),1
pinch black salt,1
raspberries,1
15 cashews,1
12 pistachios,1
15 golden raisins,1
7 dates,1
broken vermicelli,1
3 tablespoons broken cashews,1
juice of 1 lemon or lime,1
ripe peaches,1
hummus,1
cooked black beans,1
ice cold water,1
bell pepper,1
nutritional yeast,1
tender coconut meat,1
tender coconut water,1
3 teaspoon salt,1
cardamom powder [from 6-7 green cardamom pods],1
pinch of saffron,1
⅓ cup raisins,1
lukewarm water,1
green grapes,1
6 mint leaves,1
"crushed pistachios, sliced almonds, tutti frutti",1
urad dal dhuli ),1
rice flour or cornstarch,1
⅓ cup + 1 teaspoon water,1
4 strands of saffron,1
5 tablespoons oil,1
toor,1
7 cashews,1
to 1.75 cups water,1
panch phoran mix,1
squeeze of fresh lemon juice,1
oz can of hunt's fire roasted diced tomatoes,1
white beans,1
can coconut milk,1
slices galangal,1
5 white mushrooms,1
7 kaffir lime leaves,1
thai chilies,1
vegan yogurt,1
sweet chili sauce,1
+2 teaspoons cornstarch,1
more desiccated coconut powder,1
black chickpeas,1
2 tablespoon cilantro,1
2 tablespoon mint,1
packed methi leaves,1
semolina [sooji],1
4 saffron strands,1
2 cups plain yogurt,1
grate carrots,1
brown rice`,1
tofu,1
ground pepper,1
lb baby spinach,1
2 teaspoon sugar or honey,1
fresh lemon juice,1
lb baby potatoes,1
2.5 tablespoons mustard oil,1
7 tablespoons water,1
2 teaspoons sriracha,1
pinch coriander powder,1
japanese eggplant,1
generous pinch saffron,1
6 tablespoons granulated white sugar,1
lb spinach,1
+ 2 tablespoons coconut milk,1
7 bell peppers,1
whole coriander seeds,1
4 potatoes ),1
oz can lite coconut milk,1
5 tablespoons sugar,1
splash of rose water,1
assorted fruits,1
+ 2 teaspoons oil,1
whole raw cashews,1
saffron strands hot water),1
pine nuts,1
+ 1 tablespoon almond milk yogurt,1
+1 teaspoon besan,1
oz mushrooms,1
lemon or lime wedges,1
pepperidge farm® puff pastry sheet,1
zucchini or 1,1
35 grape tomatoes,1
shredded parmesan cheese,1
crumbled feta cheese,1
"dried white peas , 300 grams, soaked in 4 cups water overnight)",1
"poha , soaked for 5-10 minutes)",1
"chaat masala, kala namak , cumin powder",1
red peppers,1
firmly packed baby spinach,1
12 basil leaves,1
3 tablespoons parmesan cheese,1
white rice,1
red enchilada sauce ),1
green enchilada sauce,1
tortilla chips,1
whole masoor dal,1
white basmati rice,1
yellow moong dal dhuli,1
quinoa`,1
2.5 cups water,1
stalks celery,1
sriracha or any hot sauce,1
`1 red pepper,1
butter if possible),1
more amul butter,1
piece of charcoal,1
15 whole cashews,1
10 oz white mushrooms,1
oz can fire roasted tomatoes,1
corn kernels,1
1.25 cups water or vegetable broth,1
8 baby corn,1
oz wide rice noodles ),1
olive oil or ghee,1
7 black whole peppercorns,1
5 whole green cardamom,1
3.5 cups water,1
whole bay leaf,1
plain whole yogurt,1
2.5 tablespoons heavy cream,1
+2 tablespoons plain yogurt,1
mint powder,1
12 oz tortilla chips bag,1
oz can refried beans,1
grated pepper jack cheese,1
tamarind dates chutney,1
lb greek yogurt,1
5 tablespoons powdered sugar,1
sugar for a sweeter halwa),1
whole cashew nuts,1
+ 4 tablespoons whole milk,1
2 drops mint essence,1
cabbage: 1,1
+ 2 tablespoons peas,1
+ ⅛ teaspoon turmeric,1
chat masala or garam masala,1
panang curry paste,1
creamy peanut butter,1
water or vegetable broth ),1
4 baby potatoes,1
head broccoli,1
cheese slices ),1
kalonji seeds,1
asafetida,1
3.5 tablespoons mustard oil,1
1 teaspoon turmeric,1
squeeze of lemon juice,1
oz cauliflower rice,1
pinch baking powder,1
2 teaspoons oil,1
water + 1 tablespoon ),1
+1 teaspoon ginger,1
+1 teaspoon garlic,1
1.5 teaspoon salt,1
thinly sliced onion,1
3 whole dried red chilies,1
mashed &amp; boiled potatoes,1
+ 4 tablespoons water,1
+3-4 tablespoons all purpose flour,1
nigella seeds,1
oz penne pasta,1
oz can diced tomato,1
2 tablespoons pine nuts,1
⅛ th teaspoon baking soda,1
+ 1 tablespoons milk,1
pomegranate seed powder,1
+ 1.5 tablespoons oil,1
whole peppercorns,1
ginger julienne,1
2.5 tablespoons soy sauce,1
4 garlic cloves ),1
generous pinch saffron strands hot milk),1
oz can sweetened condensed milk,1
rice stick noodles,1
thai chili,1
bean sprouts,1
garlic chives,1
crushed,1
papadum,1
+ 1 tablespoon milk powder,1
x puff pastry sheets,1
half lime,1
+ 2-3 tablespoons water,1
9 baby eggplants,1
+2 teaspoons mustard oil,1
lb pizza dough,1
seedless tamarind ),1
whole black cardamom,1
whole green mung beans,1
quinoa ),1
finely grated khoya [dried milk],1
2 tablespoons warm milk,1
sweetener of choice,1
cinnamon or cardamom powder,1
6 cups plain yogurt,1
pinch green cardamom powder,1
"flattened rice, also known as poha",1
tamarind sweet chutney,1
oz white chocolate,1
shaved white chocolate,1
pistachio,1
dried rose buds,1
+ 1 teaspoon chena,1
+ 3 tablespoons milk,1
2 teaspoons rose water,1
thickened milk from the rasmalai,1
rasmalai essence,1
crushed parle-g biscuit crumbs,1
generous pinch of cardamom powder,1
drops kesar elaichi essence,1
4 motichoor ladoos,1
"unsalted butter , melted)",1
chum chum,1
2 gulab jamuns,1
dried rose buds or petals,1
5 tablespoons nuts,1
+ 1 tablespoon fine sugar,1
3 ribs celery,1
2 tablespoons parsley,1
methi leaves ),1
oz stir-fry rice noodles,1
green onions ),1
kilogram red carrots,1
1.5 cups granulated white sugar,1
8 carrots,1
20 cashews,1
14 green beans,1
3 whole green cardamom,1
6 whole cashews,1
brown rice,1
potato gnocchi,1
white pepper,1
sriracha mayonnaise,1
12 cheese slices,1
buckwheat flour,1
mashed potato,1
loose tea leaves,1
cashew milk,1
"sugar, jaggery",1
idli-dosa batter,1
3 stalks green onions,1
oz condensed milk,1
drop yellow food color,1
broken raw cashews,1
tablepoons tomato paste,1
"dried white peas , 200 grams, soaked overnight)",1
of a big lemon,1
ground pistachios,1
white chickpeas,1
8 whole black peppercorns,1
600 grams baby potatoes,1
+2 teaspoons ghee,1
4 cloves,1
4 stalks green onion,1
kashmiri whole dried red chilies,1
paneer momos,1
+ 2 tablespoons schezwan sauce,1
sea salt,1
+ 1 tablespoon salted caramel sauce,1
oil`,1
6 tablespoons schezwan sauce,1
noodles ),1
¾ cup granulated white sugar,1
2 tablespoons more ghee or milk,1
cashews &amp; chocolate chips,1
"cauliflower , cut into size florets)",1
1.5 tablespoons oil,1
the spice hunter coriander powder,1
the spice hunter cumin powder,1
the spice hunter smoked paprika,1
the spice hunter turmeric,1
tablespoons cilantro,1
&amp; 3,1
lime or lemon juice,1
3 tablespoons lime or lemon juice,1
"khoya , around 1 cup crumbled khoya)",1
10 digestive biscuits,1
+ 2 tablespoons heavy cream,1
makhana,1
coconut slices,1
+ 2 tablespoons desiccated coconut,1
5 teaspoons gulkand,1
more desiccated coconut,1
"moong dal dhuli , 205 grams)",1
34 parle-g biscuits,1
sweet syrup from the gulab jamun,1
5 gulab jamuns,1
feenel seeds,1
little water,1
+ 1 tablespoon ghee,1
badam halwa,1
200 grams mawa ),1
pistachios kernels,1
puff pastry sheet,1
potato ),1
of green pepper,1
pinch red chili powder,1
naan ),1
puff pastry sheet ),1
tablsepoon milk,1
8 raw cashews,1
25 papdi,1
3 tablespoon pomegranate arils,1
thin sev,1
3 tablespoon cilantro,1
ground coffee,1
225 grams mawa ),1
+1 teaspoon oil,1
4 ice cubes,1
+ 1 tbsp yogurt,1
head cauliflower ),1
mirin,1
5 tomatoes,1
kasmiri red chili powder,1
3 teaspoons ginger-garlic-green chili paste,1
grated beets,1
3 spring onions greens,1
6 cups water,1
"teasppon salt , )",1
all purpose flour flour if needed),1
"cashew milk, unsweetened",1
cashew milk yogurt,1
green jackfruit,1
5 whole green cardamon,1
roasted cashews,1
grated onion,1
2 teaspoon vegetable oil,1
whisked yogurt,1
pinch kashmiri red chili powder,1
5 teaspoons oil,1
broccoli head,1
fresh ginger,1
lemons,1
1 tablespoon maple syrup,1
oz arugula,1
1 cup condensed milk,1
parle-g bicsuits,1
"pistachios, saffron strands",1
5 parathas,1
mint leaves ),1
cilantro ),1
10 whole cashews,1
1&amp;1,1
3 tablespoons water ),1
chestnuts,1
head butter lettuce,1
4 cups spinach,1
2 tablespoons sugar,1
tablespoon milk powder,1
+ 1 teaspoon lemon juice,1
th of a 14 oz. can condensed milk,1
daliya,1
lemon wedge,1
cherry tomatoes,1
pesto,1
+ 2 tablespoons water for softer quinoa or if you have an 8qt ip),1
+ 3,1
7 tablespoons ghee,1
splashes kewra water,1
fresh figs,1
"mixed greens like spinach, bathua",1
white radish,1
+ 1 tablespoon cornstarch,1
4 tablespoon oil,1
10 whole dry kashmiri red chilies,1
toasted and crushed almonds,1
edible gold leaves,1
3 slices jalapeños,1
coconut water,1
plain sparkling water,1
7 paan leaves,1
heavy cream ),1
"candied fennel, tutti frutti",1
1 cup desiccated coconut powder,1
20 medjool dates,1
oz feta cheese,1
10 tablespoons heavy cream,1
minus 2 tablespoons granulated white sugar,1
thick yogurt,1
2 oz goat cheese,1
lb brussel sprouts,1
lb squash,1
whole green chilies,1
diced butternut squash,1
split red lentils,1
of 13.5 oz can coconut milk,1
dried cranberries,1
4 whole cloves,1
butternut squash,1
crushed tomatoes,1
oz cranberries,1
orange juice,1
5 tablespoons brown sugar,1
orange zest,1
poblano peppers,1
ancho chili pepper,1
edible gum,1
lb butternut squash,1
5 oz spring greens,1
oz goat cheese,1
oz elbow macaroni,1
cut french beans,1
diced carrots,1
jalapeno pepper,1
2 dried red chilies,1
2 teaspoon sugar,1
thandai,1
teapoon hot sauce,1
pinch white pepper powder,1
3 tablespoons desiccated coconut powder,1
2 tablespoons powdered sugar,1
drops paan essence,1
eno ),1
5 black peppercorn,1
grated onions,1
chole masala or store-bought),1
2 tablespoons granulated white sugar,1
5 oz coconut water,1
soda water ),1
hot honey and sea salt flakes,1
4 tbsp yogurt,1
flour tortillas,1
+ 1 tablespoon cocoa powder,1
heavy cream [or milk or half n half],1
pineapple slices,1
maraschino cherries,1
oil [i used canola oil],1
litre + 3 tbsp whole milk,1
+ 2-3 tbsp heavy cream,1
6 paan leaves,1
fennel seed,1
+ 3 tablespoons heavy cream,1
oz jar biscoff cookie butter,1
+ 2 tablespoons powdered sugar,1
instant coffee powder,1
4 oz chocolate,1
silvered almonds,1
dried rose petal,1
+ 1 tablespoon tutti frutti,1
+ 1 teaspoon white vinegar,1
superfine caster sugar,1
milk mixed with 1 tablespoon white vinegar buttermilk),1
zest of 1 lemon,1
all purpose flour`,1
4 cups powdered sugar,1
non-dairy milk,1
molasses,1
maraschino cheeries,1
+2 tablespoons all purpose flour,1
pineapple essence,1
3.5 cups powdered sugar,1
dried apricots,1
dried fruit,1
apple juice,1
graham cracker crumbs,1
saffron dissolved in 1 tablespoons warm milk,1
thandai paste,1
drops rose essence,1
+ 1 tablespoon all purpose flour,1
jam,1
stick butter,1
1 teaspoon pineapple essence,1
5 tablespoons milk,1
"butter , at room temperature. you can use either unsalted or salted butter. i used unsalted.)",1
"almonds, pistachios and dried rose petals",1
unsalted vegan butter ),1
4 tablespoons cashew milk,1
"unsalted butter , at room temperature )",1
crushed almonds,1
"salted butter , at room temperature )",1
loose black tea leaves,1
sticks unsalted butter,1
+1 tablespoons powdered sugar,1
+ 2 teaspoons sugar,1
nutmeg powder and more to sprinkle,1
"+ 3 tablespoons desiccated coconut, unsweetened",1
+1 teaspoon atta,1
all purpose flour or maida,1
besan or chickpea flour,1
sooji or semolina,1
+2-3 tablespoons ghee or clarified butter,1
confectioners sugar or powdered sugar,1
salted butter [1 stick],1
+ 2 tablespoons granulated white sugar,1
cardamom powder [optional],1
some almonds,1
whole wheat flour [atta],1
+ 1 tablespoon granulated sugar,1
+ ¼ teaspoon cinnamon powder,1
+ 1 tablespoon sugar,1
milk or heavy cream,1
kewra essence or rose essence,1
instant rabdi,1
8 jalebis,1
edible golden leaves,1
milk mixed with 1 tablespoon white vinegar,1
4 tablespoons cream,1
very apple [from 1 apple],1
2 cups powdered sugar,1
powdered sugar`,1
180 grams strawberries,1
milk or water,1
"1 tablespoon milk , i used whole milk )",1
white whole wheat flour,1
shredded carrot,1
turbinado sugar,1
+ 3 tablespoons all purpose flour,1
chili garlic sauce,1
water or broth,1
sona masoori rice,1
urad dal gota ),1
6 cashews,1
marinara sauce ),1
ounces baby spinach,1
no-boil lasagna noodles,1
basil and cilantro,1
200 grams paneer,1
pinch sugar,1
karela,1
+ 2 teaspoon oil,1
1.5 tablespoons milk,1
pinch saffron,1
"stick salted butter , at room temperature)",1
sheet puff pastry,1
+ 2 tablespoons mawa,1
2.5 tablespoons warm water,1
oz noodles,1
10 garlic cloves,1
stalks lemongrass ),1
x 13.5 oz can coconut milk,1
5 oz mushrooms,1
pinch black pepper,1
3 tablespoons cashews,1
makki atta,1
kesar pista shrikhand,1
cookies,1
"nuts, edible silver leaves",1
whole green cardamom pods,1
+1 teaspoon rose water,1
3 tablespoons green bell pepper,1
sourdough bread slices ),1
+ 3 tablespoons green peas,1
teaspooon garam masala,1
250 grams paneer,1
"nuts like almonds, cashews",1
head of a cauliflower,1
of a green pepper,1
+ 1 teaspoon pav bhaji masala,1
14 pav,1
&amp; ¼ teaspoon rose water,1
+ 2 tablespoons milk ),1
dark chocolate melting wafers,1
"crushed pistachios, dried rose petals, edible silver leaves, coconut powder",1
phyllo dough sheets,1
melted butter or ghee,1
4 khoya burfi,1
grated burfi and boondi,1
+ 2 tablespoons nutella,1
frozen corn,1
¾ teaspoon red chili flakes,1
⅓-½ cup granulated white sugar,1
&amp; ¼ teaspoon cinnamon powder,1
mascarpone cheese,1
gulab jamun,1
strong coffee,1
rum extract,1
"pistachios, dried rose petals , edible gold leaves",1
cornflakes,1
+ ⅛ cup mawa ),1
&amp; ½ teaspoons ghee,1
phyllo shells ),1
chole,1
oz salsa,1
oz ricotta cheese,1
oz can - 2 tablespoons condensed milk,1
"candied fennel, dried rose petals, crushed pistachios, edible gold leaves",1
⅓ cup green pepper,1
dinner rolls,1
&amp; ½ tablespoons tamarind chutney,1
black salt &amp; kashmiri red chili powder,1
canada dry zero,1
sliced white mushroom,1
"oz tofu, cubed",1
of 14 oz can coconut milk,1
granny smith apple,1
honeycrisp apple,1
non alcoholic apple cider,1
5 paan leaves,1
"candied fennel, coconut",1
x15 oz can black beans,1
salsa,1
ancho chile pepper powder,1
3 cups vegetable broth,1
corn tortillas,1
jalapenos,1
&amp; ½ tablespoon ghee,1
+ 1 tablespoons tomato puree,1
&amp;½ - 3 cups water,1
&amp; ½ tablespoon ginger,1
&amp; ½ cups green cabbage,1
&amp; ½ tablespoons soy sauce,1
red chili sauce,1
&amp; ½ inch ginger,1
&amp; ½ teaspoon garlic,1
head green cabbage,1
10 green beans,1
&amp; ½ tablespoons white vinegar,1
½ teaspoon black pepper,1
&amp; ¼ teaspoons ginger,1
&amp; ½ cups butternut squash cubes,1
ginger snaps,1
white chocolate,1
grated lauki,1
mashed paneer,1
black raisins,1
pearl onions,1
4 whole black peppercorns,1
masoor dal dhuli,1
&amp; ½ teaspoon baking powder,1
chocolate chunks,1
&amp; ½ teaspoon oil,1
+ 2 to 4 tablespoons water,1
4 teaspoons oil,1
boiled &amp; cubed potato,1
20 golgappe,1
"cumin powder, black salt",1
"chaat masala, red chili powder",1
40 almonds,1
20 green cardamom pods,1
3 tablespoons rose water,1
rose petals,1
5 peppercorns,1
pineapple chunks,1
of a bell pepper,1
can of 14 oz diced tomatoes,1
15 roasted unsalted cashews,1
3 teaspoons maple syrup or honey,1
sliced banana,1
cereal of choice,1
coconut flakes,1
vanilla custard powder [i use the one we get at indian stores,1
3 tablespoons honey or sugar,1
ripe mangoes,1
&amp; ½ cups heavy cream,1
half &amp; half,1
+ 2 tablespoons condensed milk,1
2 teaspoon rose water,1
&amp; ¼ cups grapes,1
⅓ cup pomegranate arils,1
oz mascarpone cheese,1
6 tablespoons powdered sugar,1
rusks,1
fresh mango cubes,1
2 &amp;½ tablespoons lemon juice,1
14 curry leaves,1
1 teaspoon garam masala,1
to ¾ tablespoon olive oil,1
40 curry leaves,1
chives,1
salted peanuts,1
kataifi pastry,1
pistachio paste,1
&amp; ¼ teaspoon cardamom powder,1
oz dark chocolate melting wafers,1
mango essence,1
fresh cut mangoes and mango puree,1
"fresh fruits, maple syrup, butter to serve",1
sushi rice,1
oz can baby corn [this came to around 1.5 cups of baby corn pieces],1
green pepper or capsicum,1
scallion,1
+ 1 teaspoon vegetable oil,1
5 peppercorn,1
spring onion greens,1
hazelnut spread,1
3 teaspoons desiccated coconut powder,1
3 teaspoons mukhwaas,1
red cherries,1
7 teaspoons gulkand,1
chocolate wafers,1
4 carrots,1
stalks of green onion,1
berbere spice,1
30 baby spinach leaves,1
cilantro or parsley,1
6 garlic,1
3 mangoes,1
pound whole milk greek yogurt,1
"mango puree , preferably use indian mangoes like kesar, alphonso )",1
7 tablespoons powdered sugar,1
lb okra,1
8 samosa,1
"cabbage, carrot, cilantro",1
oz rigatoni pasta,1
russet potatoes,1
cooked sushi rice,1
nori sheets,1
8 thick bread slices,1
"strawberries, maple syrup, butter",1
to 4 tablespoons milk,1
to 2 &amp; 1,1
3 dried red chilies,1
to 3 potatoes,1
` green chili,1
2 teaspoons ginger,1
oz can young jackfruit,1
water + 1-2 tablespoons ),1
glutinous rice,1
6 saffron strands,1
ground flaxseed,1
+ 3 tablespoons oil,1
hot coffee,1
hazelnuts,1
nutella,1
&amp; ½ cups chickpeas,1
⅛ teaspoon kashmiri red chili powder,1
phyllo shells,1
&amp; ½- 4 cups bhel mix,1
avocados,1
dry garlic chutney,1
&amp; ½ tablespoons sweet tamarind chutney,1
x 1 inch ginger,1
&amp; ½ teaspoon red chili powder,1
&amp; ¼ cup oat milk,1
pitted dates,1
`1 teaspoon cinnamon powder,1
&amp; ¼ teaspoon baking powder,1
pinch,1
almonds &amp; cashews,1
⅓ cup desiccated coconut powder,1
&amp; ½ cup mawa,1
4 tablespoons powdered sugar,1
melting chocolate wafers,1
crushed pistachios and dried rose petals,1
sourdough bread slices,1
freshly grated coconut,1
4 cups cooked rice,1
ladi pav,1
&amp; ½ teaspoon coriander powder,1
275 grams paneer,1
red lentil,1
&amp; ½ tablespoons ghee,1
tamarind piece,1
⅓ cup hot water,1
8 drumsticks,1
3 teaspoons powdered jaggery,1
oz whole wheat penne pasta,1
6 whole raw cashews,1
yellow onions,1
&amp; ¼ cup water,1
masoor dal sabut,1
feta cheese,1
"corn strips, croutons",1
za&#39;atar,1
lemon juice of,1
2 garlic cloves,1
3 tablespoons parsley,1
french loaf,1
&amp; ½ cups poha,1
&amp; ½ tablespoons peanuts,1
1 teaspoon rose water,1
⅓ cup powdered sugar,1
turbinado,1
&amp; ½ cups whole milk,1
pinch citric aid,1
slivered pistachios and edible silver leaves,1
4 teaspoons sugar,1
oil or butter,1
2 teaspoons toasted sesame seeds,1
2 tsp cocoa powder,1
chai tea bags [ i used tazo organic black chai tea bags ],1
whipped topping,1
2 dried red chili,1
orange pepper,1
head of broccoli,1
coconut sugar,1
2 teaspoons soy sauce,1
basil or cilantro,1
pints cherry or grape tomatoes,1
extra virgin olive oil,1
oz block feta cheese,1
oz pasta,1
sichuan peppercorns,1
oz shiitake mushrooms,1
+ 6 tablespoons water,1
celery ribs,1
parsnips,1
dried rosemary,1
italian parsley,1
3 paan leaves,1
lb diced butter nut squash,1
⅛ teaspoon cinnamon powder,1
&amp; ½ tablespoons lemon juice,1
black freshly,1
oz hummus,1
12 cherry tomatoes,1
sumac,1
&amp; ¾ cups oat flour,1
+2 tablespoons maple syrup,1
kataifi dough,1
oz dark chocolate,1
ground pistachio powder,1
jamun pulp,1
honey or sugar,1
½ - 2 cups water ),1
½ tablespoon ghee,1
⅓ cup ground almonds,1
sprouted moong,1
2 teaspoons red garlic chutney,1
rooh afza syrup,1
½ teaspoons basil seeds,1
full fat milk powder,1
liters or 8 ½ cups milk ),1
3 tablespoons lemon juice,1
+ 3 tablespoons plain yogurt may require more or less),1
4 tablespoons peanuts,1
3 tablespoons roasted chana dal,1
½ cups thick poha,1
sprigs curry leaves,1
½ cups cake flour ),1
vanilla paste,1
sprinkles,1
or ⅓ cup almonds,1
or ⅓ cup cashew nuts,1
or ⅓ cup pistachios,1
or 3 no. green cardamoms,1
to 1 teaspoon saffron,1
½ teaspoons nutmeg,1
or 10 oz paneer,1
4 cups water,1
cumin-coriander powder,1
½ teaspoons salt,1
½ cups lauki,1
piece ginger,1
½ cups chilled water ),1
or 1 ½ cups or 7 oz paneer,1
tondli,1
"rock flower , optional)",1
strand mace,1
mixed vegetables,1
½ -2 cups water,1
of or 1 ¼ cup lauki,1
⅛ teaspoon green cardamom seeds powder,1
2 tablespoons plain yogurt,1
little less than ½ cup warm water,1
or about 300 grams raw mango,1
oz or 2 cups mushrooms,1
⅓ cup plain yogurt,1
⅓ cup singhare ka atta,1
to ⅓ cup water,1
3 cloves garlic,1
green chili peppers ),1
strands saffron ),1
or 1 ½ cups parwal,1
oz or 2 cups dry pasta ),1
½ cups tomatoes,1
¾ cup water ),1
heavy whipping cream ),1
piece green chili ),1
"½ cups coconut , grated)",1
5 tablespoons desiccated coconut,1
or 2 ¼ cups beetroot,1
⅓ cups milk,1
6 green chilies,1
½ teaspoon kasoori methi,1
⅓ cup dalia,1
⅓ cup yellow moong dal,1
oz chocolate chips,1
½ tablespoons brewed coffee,1
mango juice,1
a pinch dry ginger powder,1
roof afza syrup or rose syrup,1
a pinch green cardamom seeds powder,1
½ tablespoons strawberry jam,1
¾ cup water,1
ice cream,1
graham cracker crumbs or crushed digestive biscuits,1
"plain yogurt make sure it is thick, not watery)",1
cashew nuts ),1
+ 3 tablespoons water,1
6 cashew nuts,1
½ cups green peas,1
¾ cup fresh tuvar dana,1
or 2 ¼ cups potatoes,1
or 2 cups red onion,1
or 3 cups tomato,1
⅓ cup heavy whipping cream or fresh cream or malai,1
12 cashew nuts,1
or 4 cups lauki,1
or 1 cup khoya,1
or 1 cup besan,1
or 1 cup potatoes ),1
⅛ teaspoon citric acid,1
3 green chilies ),1
½ cups raw,1
raw,1
fresh tuvar dana,1
½ cup water,1
½ cups coarse whole wheat flour ),1
ghee clarified butter,1
8 tablespoons water,1
slices bread ),1
5 strands saffron ),1
oz or 200 grams or ½ cup + 2 tablespoons or ½ can sweetened condensed milk,1
6 almonds,1
6 pistachios,1
½ tablespoons chocolate sauce,1
½ cups ice cream ),1
5 black peppercorns,1
⅓ cup capsicum ),1
⅓ cup cauliflower,1
** total 2 cups of vegetables ),1
10 black peppercorns,1
+ 2 teaspoons + 1 tablespoon oil,1
no. idli,1
3 tablespoons butter,1
½ teaspoons chilli sauce,1
leftover dal,1
a pinch red chilli flakes,1
½ teaspoons white distilled vinegar,1
or 1 1,1
vatana,1
pani puri masala powder,1
50 puri,1
water to soak tamarind),1
or ¾ cup tomato,1
⅓ cup sooji,1
to 1 cup total vegetables,1
to ¾ cup butterscotch sauce,1
ginger and green chili paste or crushed into mortar,1
2 tablespoons ghee,1
phool makhana,1
dried coconut slices,1
½ teaspoons coriander seeds,1
water as needed),1
⅓ cup sweet corn kernels,1
or ½ cup tomato pureed,1
½ teaspoons garlic paste or freshly grated,1
plain yogurt whisked),1
pineapple puree,1
or about 2 ½ cups potatoes,1
lagre green chili,1
sprig or 8-10 curry leaves,1
clove garlic,1
of or 2 cups lauki,1
4 kashmiri dried red chilies,1
or 1,1
or 1 cup tomato pureed,1
+ 1 ½ cups all purpose flour,1
⅛ teaspoon ground cloves,1
⅛ teaspoon freshly grated nutmeg,1
stick or ¼ cup unsalted butter,1
½ teaspoons oil,1
+ ¼ cup unsulphured molasses,1
½ teaspoons corn flour,1
3 teaspoons milk,1
or 750 grams or 5 ½ cups carrots,1
or ½ cup + 2 tablespoons or ½ can or 7 oz sweetened condensed milk,1
or 2 cups tondli,1
corns or 1 cup sweet corn kernels,1
½ -2 tablespoons oil,1
to 1 teaspoon sugar,1
to 1 teaspoon lemon juice,1
valor,1
or 1 ⅓ cups red onion,1
⅓ to ½ cup besan,1
lb or 3 cups asparagus,1
of or ½ cup red onion,1
or 2 ½ cups potatoes,1
½ teaspoons chana dal,1
cheese ),1
½ + 1 cups water,1
beetroot leaves and stems,1
beetroot leaves and stems –,1
⅛ teaspoon ajwain,1
½ cups gongura leaves,1
long grain rice or basmati rice,1
little more than 1,1
ground almonds,1
⅓ cup white granulated sugar,1
⅛ teaspoon almond extract,1
corn cobs,1
½ cups long beans,1
or 8 oz cream cheese,1
cumin seeds ),1
fennel seeds ),1
cloves ),1
black peppercorns ),1
cinnamon stick ),1
or ¾ cup potatoes,1
leftover any punjabi chole gravy,1
4 tablespoons green coriander chutney or mint chutney,1
4 tablespoons meethi chutney,1
or 1 ½ cups paneer,1
½ tablespoons tomato ketchup,1
litre or 4 ¼ cups milk,1
khoya ),1
5 pistachios,1
4 tablespoons warm water,1
strained dal water after boiling chana dal for puran poli,1
the pan,1
½ tablespoon tamarind paste,1
instant oats,1
boiled chickpeas,1
½ teaspoon oil,1
3 drops lemon juice,1
½ teaspoon ajwain,1
or ½ pound spaghetti,1
½ teaspoon garlic paste or freshly grated,1
3 teaspoons lemon juice or lime juice,1
12 or 250 grams baby potatoes,1
tabelspoon cilantro or coriander leaves,1
piece cinnamon stick,1
or ¾ cup capsicum,1
or ¾ cup red pepper,1
slices cheese,1
leaves lettuce,1
½ cups cooked rice,1
2 teaspoons ground cinnamon,1
⅛ teaspoon mustard seeds,1
⅓ cup cashew nuts,1
3 tablespoons plain yogurt,1
little more than ½ cup water,1
6 sprigs cilantro or coriander leaves,1
3 curry leaves,1
½ cups tomato,1
oz or 200-250 grams or 2 cups mushrooms,1
coarse besan ),1
charoli,1
½ tablespoon milk,1
bunch cilantro or coriander leaves,1
sama ke chawal,1
½ - 2 teaspoons salt,1
tamarind paste ),1
½ cups water ),1
or 1 ½ -2 cups potatoes ),1
or ¾ to 1 cup tomato pureed ),1
peanuts ),1
onion tomato masala ),1
about ¼ cup water,1
less than 1,1
½ cups green beans,1
or 2 cups mangoes,1
5 ice cubes,1
3 tablespoons spring onion,1
½ teaspoons ginger,1
½ teaspoons garlic,1
3 teaspoons soy sauce,1
fried noodles,1
of nutmeg,1
½ teaspoons dry ginger powder,1
indian tea,1
+ 2 tablespoons warm water,1
packet active dry yeast ),1
3 teaspoons sugar,1
⅓ cup desiccated coconut,1
⅓ cup cilantro or coriander leaves,1
¾ cups full fat milk powder,1
½ cups plain yogurt,1
cantaloupe,1
navel oranges,1
½ tablespoons all purpose flour,1
½ tablespoons water,1
½ cups white granulated sugar,1
instant yeast,1
or 12 oz or 2 cups raw mango,1
mustard oil ),1
split mustard seeds,1
split fenugreek seeds,1
⅓ cup red chili powder,1
½ teaspoon hing,1
or 300 grams or 12 oz raw mango,1
mustard seeds powder,1
fenugreek seeds powder,1
½ cups oil ),1
1 cup mango pulp or puree,1
4 tablespoons honey,1
4 tablespoons mint leaves,1
4 almonds,1
⅓ to ½ cup sugar,1
15 pieces rasgulla ),1
whole urad dal,1
tomato pureed,1
eggplant ),1
oz dry pasta ),1
½ cup vegetarian parmesan cheese,1
or ½ lb or 3 cups okra,1
oz cheddar cheese,1
⅛ teaspoon cayenne pepper,1
3 teaspoons tamarind,1
sticks drumsticks,1
1 cup hot water ),1
⅛ teaspoon fenugreek seeds,1
lb dried chickpeas ),1
½ cups cooked chickpeas,1
"tomatoes , roma or plum tomatoes)",1
½ teaspoon anardana powder,1
cilantro or coriander leaves ),1
to 1 ½ cups water,1
½ cups spinach ),1
½ cups cooked chickpeas can),1
tikka masala spice mix,1
of red onion,1
"3 tablespoons coconut , grated)",1
stick or ½ cup unsalted butter,1
⅔ cup light brown sugar,1
4 teaspoons water,1
⅓ cups rolled oats,1
¾ cups all purpose flour,1
⅓ cup unsulphured molasses,1
cream of tartar,1
white chocolate chips,1
slivered almonds,1
¼ teaspoon baking powder,1
¼ teaspoons baking soda,1
½ cups unsweetened applesauce,1
½ teaspoon ground cinnamon,1
½ cups strawberries ),1
3 tablespoons dill leaves,1
½ teaspoon ghee,1
"plain yogurt , chilled)",1
⅛ teaspoon black pepper powder,1
½ cups yogurt,1
¾ teaspoon salt,1
leaves spinach,1
⅓ cup red onion,1
or ¾ cup white onion ),1
lb potatoes ),1
lb or 2 ½ cups broccoli,1
white onion ),1
lb tomatoes,1
or ½ cup apple,1
to ½ teaspoon black pepper powder,1
chaas,1
nylon sabudana ),1
½ cup potatoes,1
a tiny piece cinnamon stick,1
⅓ cup sabudana,1
½ + ½ cup milk,1
3 strands saffron,1
dried rose petals ),1
"water , to soak onion rings)",1
of green chili ),1
or 500 grams sweet potatoes,1
½ teaspoons fennel seeds powder,1
3 tablespoons singhare ka atta,1
oz grams paneer,1
greek yogurt ),1
kasoori methi ),1
skewers,1
batch mint chutney,1
of white onion,1
1 cup chickpeas cooking water,1
2 teaspoons lemon juice or lime juice,1
fine semolina ),1
+ ½ teaspoon eno fruit salt,1
sheets spring roll wrappers,1
"tomatoes , washed and cut into chunks)",1
tamarind ),1
