canonical_name,ingredient_id,aliases
` green chili,ING2515,
`1 red pepper,ING1914,
a pinch baking powder,ING1029,
a pinch baking soda,ING1035,
a pinch dry ginger powder,ING2682,
a pinch green cardamom seeds powder,ING2684,
a pinch of asafoetida,ING0554,
a pinch of baking soda,ING1300,
a pinch or 1,ING0976,
a pinch red chilli flakes,ING2730,
a pinch sugar,ING0672,
a tiny piece cinnamon stick,ING2948,
aamchur,ING0078,
aamchur powder,ING0266,
active dry yeast,ING0409,
agar agar,ING0683,
agar agar flakes,ING0836,
agar-agar,ING0719,
ajwain,ING0036,
ajwain [carom seeds],ING0813,
ajwain seeds [carom seeds],ING1638,
all purpose flour,ING0032,maida
all purpose flour [maida],ING0812,
all purpose flour flour if needed),ING2131,
all purpose flour or maida,ING2289,
all purpose flour`,ING2255,
all spice,ING0916,
almond,ING1443,
almond extract,ING0948,
almond flour,ING0202,
almond milk,ING0939,
almonds,ING0056,
almonds ),ING0996,
"almonds, pistachios and dried rose petals",ING2276,
aloo bhaji,ING0550,
amchur,ING0104,
amchur powder,ING0093,
amla,ING1142,
anardana powder,ING0512,
ancho chile pepper powder,ING2403,
ancho chili pepper,ING2207,
apple,ING0562,
apple cider vinegar,ING0504,
apple juice,ING2265,
apples,ING0483,
arbi,ING0880,
arhar dal,ING0238,
asafetida,ING1955,
asafoetida,ING1286,
asafoetida powder,ING1588,
ash gourd,ING0714,
assorted fruits,ING1882,
atta,ING0108,
avocado,ING0272,
avocado oil,ING0276,
avocados,ING2530,
baby corn,ING0530,
baby eggplants,ING0828,
baby potato,ING1409,
baby potatoes,ING0386,
baby spinach,ING0596,
badam,ING0384,
badam halwa,ING2102,
baingan,ING1363,
bajra atta,ING1491,
baking powder,ING0026,
baking soda,ING0033,
balck pepper,ING1440,
ball of tamarind,ING0750,
ball sized,ING1530,
ball sized wheat dough,ING1362,
ball tamarind,ING1072,
balsamic vinegar,ING0479,
banana,ING0241,
banana leaf,ING1541,
bananas,ING0632,
bansi rava,ING1405,
bar dark chocolate,ING1179,
basale soppu,ING1328,
basil,ING0881,
basil and cilantro,ING2327,
basil leaves,ING0548,
basil or cilantro,ING2589,
basil seeds,ING1184,
basmati rice,ING0058,
batch buttercream frosting,ING0978,
batch mint chutney,ING2962,
bay leaf,ING0028,
bay leaves,ING0277,
bean,ING1133,
bean sprouts,ING1987,
beans,ING0132,
beetroot,ING0190,
beetroot leaves and stems,ING2784,
beetroot leaves and stems –,ING2785,
beetroots,ING1656,
beets,ING0923,
bell pepper,ING1819,
bell peppers,ING0600,
berbere spice,ING2494,
besan,ING0029,
besan ),ING0637,
besan or chickpea flour,ING2290,
bhindi,ING0338,
big bitter gourd,ING1250,
big green pepper,ING1713,
big piece jaggery,ING1252,
biryani masala,ING0193,
biryani masala powder,ING1435,
biscoff cookies,ING0636,
bitter gourd,ING0712,
black beans,ING0850,
black beans [234 grams],ING1769,
black cardamom,ING0107,
black cardamoms,ING0473,
black chana,ING1071,
black chickpea,ING1389,
black chickpeas,ING1852,
black eyed peas,ING0419,
black freshly,ING2605,
black grapes,ING1155,
black loose tea leaves,ING1755,
black mustard seeds,ING0365,
black olives,ING1206,
black pepper or,ING1579,
black peppercorn,ING1643,
black peppercorns,ING0120,
black peppercorns ),ING2799,
black raisins,ING2426,
black salt,ING0094,
black salt [kala namak],ING1629,
black sesame seeds,ING0442,
black tea bags,ING0592,
"blocks cream cheese, softened",ING1192,
blueberries,ING0951,
boiled chickpeas,ING2815,
boiled potato,ING0709,
boiled potatoes,ING1114,
boiled vegetables,ING1106,
bombay rava,ING0539,
boondi,ING0395,
bowl beetroot,ING1255,
bowl set dosa batter,ING1258,
bread crumbs,ING0149,
bread slice,ING0713,
bread slices,ING0226,
breadcrumbs,ING0441,
brinjal,ING0522,
broccoli,ING0736,
broccoli florets,ING0368,
broccoli head,ING2142,
broken cashews,ING0252,
broken raw cashews,ING2055,
broken vermicelli,ING1812,
brown rice,ING2041,
brown rice`,ING1860,
brown sugar,ING0123,
buckwheat flour,ING2046,
bunch cilantro,ING0968,
bunch cilantro or coriander leaves,ING2842,
bunch mustard leaves,ING1457,
bunch palak,ING1484,
bunch palak leaves,ING1166,
bunch radish leaves,ING1463,
bunch spinach,ING0449,
bunches cilantro,ING0955,
bura,ING0958,
burger bun,ING1419,
burger buns,ING0594,
butter,ING0023,unsalted butter
"butter , at room temperature. you can use either unsalted or salted butter. i used unsalted.)",ING2275,
butter for roasting,ING0435,
butter for serving,ING1045,
butter for toasting,ING0783,
butter if possible),ING1915,
butter to grill,ING1410,
"butter, room temperature",ING0762,
buttermilk,ING0396,
butternut squash,ING2200,
byadgi,ING1308,
cabbage,ING0070,
cabbage leaf for placing in tray,ING1219,
"cabbage, carrot, cilantro",ING2504,
cabbage: 1,ING1944,
can coconut milk,ING1843,
can condensed milk,ING1802,
can evaporated milk,ING1801,
can of 14 oz diced tomatoes,ING2446,
can sweetened condensed milk,ING0990,
can sweetened condensed milk [14 oz,ING1563,
canada dry zero,ING2392,
"candied fennel, coconut",ING2400,
"candied fennel, dried rose petals, crushed pistachios, edible gold leaves",ING2387,
"candied fennel, tutti frutti",ING2184,
canided fennel,ING1786,
canola oil,ING0275,
canola oil or any flavorless oil,ING0942,
cantaloupe,ING2871,
capsicum,ING0035,
caraway seeds,ING0720,
cardamom,ING0117,
cardamom essence,ING0938,
cardamom pods,ING0950,
cardamom powder,ING0020,
cardamom powder [from 6-7 green cardamom pods],ING1824,
cardamom powder [optional],ING2296,
cardamom power,ING1529,
cardamoms,ING1291,
carom seeds,ING0541,
carrot,ING0034,carrots
carrot ),ING1241,
carrot [around 1,ING1626,
carrot cubes,ING1574,
cashew milk,ING2049,
cashew milk yogurt,ING2133,
"cashew milk, unsweetened",ING2132,
cashew nuts,ING0099,
cashew nuts ),ING2690,
cashew paste,ING0333,
cashews,ING0059,cashew
caster sugar,ING0639,
cauliflower,ING0212,
"cauliflower , cut into size florets)",ING2077,
cauliflower florets,ING0247,
cauliflower head,ING1701,
cayenne,ING1603,
cayenne pepper,ING0248,
celery,ING0349,
celery ribs,ING2597,
cereal of choice,ING2450,
chaas,ING2945,
chaat masala,ING0027,
"chaat masala, kala namak , cumin powder",ING1898,
"chaat masala, red chili powder",ING2438,
chai tea bags [ i used tazo organic black chai tea bags ],ING2582,
chana,ING0447,
chana dal,ING0042,
chana dal [split bengal gram],ING1672,
chana masala,ING1100,
chana masala powder,ING0675,
chandi ka vark,ING0477,
channa dal,ING0389,
chapathi,ING1061,
chapati,ING0703,
charoli,ING2840,
chat masala,ING0308,
chat masala [optional],ING1708,
chat masala or garam masala,ING1947,
cheddar,ING0704,
cheddar cheese,ING0525,
cheese,ING0293,
cheese ),ING2782,
cheese slice,ING1202,
cheese slices,ING0827,
cheese slices ),ING1953,
cheese slices [i used amul cheese slice],ING1715,
cheese slices [i used pepper jack cheese],ING1622,
cherries,ING0837,
cherry,ING0545,
cherry tomato,ING0779,
cherry tomatoes,ING2165,
chestnuts,ING2156,
chia seeds,ING0715,
chickpea,ING0337,
chickpea flour,ING0591,
chickpea flour [besan],ING0911,
chickpeas,ING0408,
chikpea,ING1411,
chili,ING0041,chilli
chili bean sauce,ING0900,
chili garlic sauce,ING2319,
chili oil,ING0932,
chili sauce,ING1168,
chilkewali moong dal,ING1003,
chill,ING1466,
chilli flakes,ING0206,
chilli paste,ING1370,
chilli powder,ING0292,
chilli sauce,ING0155,
chipotle peppers in adobo sauce,ING1566,
chipotle powder,ING0925,
chipotle powder + more to sprinkle at the end,ING1770,
chiroti rava,ING1539,
chives,ING2470,
choc bits,ING1473,
choco chips,ING0717,
chocolate,ING0446,
chocolate chip,ING0439,
chocolate chips,ING0363,
chocolate chunks,ING2431,
chocolate pieces,ING1122,
chocolate sauce,ING0820,
chocolate syrup,ING1176,
chocolate syrup for toppings,ING1304,
chocolate wafers,ING2491,
chole,ING2383,
chole masala,ING0474,
chole masala or store-bought),ING2227,
chum chum,ING2024,
churumuri,ING0696,
cilantro ),ING2152,
cilantro + more to sprinkle later,ING1647,
cilantro chutney,ING0146,
cilantro leaves,ING0599,
cilantro mint chutney,ING1624,
cilantro or coriander leaves ),ING2909,
cilantro or mint,ING1568,
cilantro or parsley,ING2496,
cinammon stick,ING0744,
cinnamon,ING0082,
cinnamon or cardamom powder,ING2005,
cinnamon powder,ING0097,
cinnamon powder [i went a little heavy on cinnamon powder,ING1660,
cinnamon stick,ING0037,
cinnamon stick ),ING2800,
citric acid,ING0631,
coarse besan ),ING2839,
coco powder,ING1299,
cocoa powder,ING0089,
coconut,ING0046,
coconut ),ING1004,
"coconut , grated)",ING1018,
coconut [use fresh for best result],ING1737,
coconut chutney,ING1107,
coconut cream,ING1611,
coconut extract,ING0846,
coconut flakes,ING2451,
coconut leaf stick,ING1337,
coconut milk,ING0102,
coconut oil,ING0124,
coconut oil or cooking oil,ING1314,
coconut oil to grease,ING1319,
coconut powder,ING1618,
coconut slices,ING2091,
coconut sugar,ING2587,
cold milk,ING0531,
colocasia leaves,ING1531,
condensed milk,ING0189,
confectioners sugar,ING0935,
confectioners sugar or powdered sugar,ING2293,
cooked basmati rice,ING0567,
cooked black beans,ING1817,
cooked chickpeas,ING1795,
cooked quinoa,ING1581,
cooked rice,ING0164,
cooked sushi rice,ING2507,
cooked toor daal,ING1268,
cooked toor dal,ING1211,
cookies,ING2347,
cooking oil,ING1159,
cooking oil spray,ING0424,
coriander leaves,ING0015,cilantro|cilantro or coriander leaves|coriander
coriander or cilantro,ING1686,
coriander powder,ING1524,
coriander pwoder,ING1537,
coriander seeds,ING0044,
coriander to garnish,ING1426,
corn,ING0188,
corn cobs,ING2793,
corn flakes,ING1451,
corn flakes cereal,ING0975,
corn flakes crumb,ING1533,
corn flour,ING0052,
corn kernels,ING1921,
corn kernels [i used frozen corn],ING1760,
corn starch,ING0461,
"corn strips, croutons",ING2564,
corn tortillas,ING2405,
cornflakes,ING2379,
cornflour,ING0456,
cornmeal,ING1458,
cornstarch,ING0060,
cream,ING0147,
cream for garnishing,ING1548,
cream of tartar,ING2922,
creamy peanut butter,ING1949,
crumbled feta cheese,ING1895,
crumbled khoya,ING0809,
crumbled paneer,ING0612,
crushed,ING1989,
crushed almonds,ING2280,
crushed black pepper,ING0746,
crushed canned tomatoes,ING0864,
crushed coriander seeds,ING0798,
crushed dried rose petals,ING0947,
crushed dry fruits,ING1365,
crushed kasuri methi,ING0274,
crushed kasuri methi [dried fenugreek leaves],ING1700,
crushed parle-g biscuit crumbs,ING2019,
crushed peanuts,ING0839,
crushed pepper,ING1227,
crushed pineapple [ i used crushed pineapple can],ING1756,
crushed pistachios,ING0622,
crushed pistachios and dried rose petals,ING2545,
"crushed pistachios, dried rose petals, edible silver leaves, coconut powder",ING2364,
"crushed pistachios, sliced almonds, tutti frutti",ING1830,
crushed tomatoes,ING2201,
cube capsicum,ING1447,
cube paneer,ING1446,
cubes capsicum,ING0771,
cubes cheese,ING0776,
cubes mozzarella cheese,ING1101,
cubes of ice,ING1175,
cubes onion,ING1534,
cubes paneer,ING0239,
cubes panner,ING1081,
cubes potato,ING1385,
cucumber,ING0142,
cumin,ING0008,cumin powder|cumin seeds|jeera|jeera powder
"cumin powder, black salt",ING2437,
cumin seeds ),ING2796,
cumin-coriander powder,ING2642,
cupcake liners,ING0733,
curry powder,ING0183,
custard powder,ING0340,
custard powder ),ING1080,
cut french beans,ING2213,
dalia,ING0702,
daliya,ING2163,
dark chocolate,ING0772,
dark chocolate melting wafers,ING2363,
dark soy sauce,ING0494,
dates,ING0225,
desiccated coconut,ING0197,
desiccated coconut powder,ING0160,
diced butternut squash,ING2195,
diced carrots,ING2214,
diced celery,ING1798,
diced cucumber,ING1797,
diced tomato,ING1796,
dijon mustard,ING0501,
dill,ING0822,
dill leaves,ING0780,
dinner rolls,ING2389,
dosa batter,ING0339,
dosa rice,ING0559,
dragon fruit,ING1783,
dried apricots,ING2263,
dried basil,ING1761,
dried chickpeas,ING0647,
dried coconut slices,ING2744,
dried cranberries,ING2198,
dried figs,ING1727,
dried fruit,ING2264,
dried kashmir red chilli,ING1060,
dried kashmiri red chilli,ING0156,
dried kasmiri red chilli,ING1329,
dried mango powder,ING0801,
dried mango powder [amchur],ING0810,
dried milk powder,ING0840,
dried mint,ING1754,
dried mint flakes,ING1778,
dried oregano,ING0246,
dried parsley,ING1777,
dried red chili,ING0299,
dried red chilies,ING0062,
dried red chilies ),ING0986,
dried red chilis,ING1198,
dried red chilli,ING0049,
dried red chillies,ING1333,
dried rose buds,ING2013,
dried rose buds or petals,ING2026,
dried rose petal,ING2249,
dried rose petals,ING0417,
dried rose petals ),ING2952,
dried rosemary,ING2599,
dried white chickpeas,ING0518,
"dried white peas , 200 grams, soaked overnight)",ING2057,
drop yellow food color,ING2054,
drops food colour,ING1379,
drops green food color,ING1790,
drops green food colour,ING0528,
drops kesar elaichi essence,ING2021,
drops of green food colour,ING1406,
drops of kewra essence,ING1648,
drops of rose essence [optional],ING1725,
drops or ¼ tsp red food colour,ING1523,
drops paan essence,ING2223,
drops peppermint extract,ING0921,
drops rose essence,ING2269,
drops saffron food colour,ING1069,
drumstick,ING1196,
drumsticks,ING1375,
dry coconut,ING0177,
dry fenugreek leaves,ING1070,
dry fruits,ING0294,
dry garlic chutney,ING2531,
dry garlic powder,ING1200,
dry ginger powder,ING0467,
dry grapes,ING1082,
dry kala chana,ING0663,
dry mango powder,ING0288,
dry mango pwoder,ING1361,
dry milk powder,ING0819,
dry yeast,ING0223,
edible gold leaves,ING2178,
edible golden leaves,ING2306,
edible gum,ING2208,
edible silver leaves,ING0871,
egg,ING0601,
egg yolks,ING1612,
eggless mayonnaise,ING0773,
eggplant,ING0309,
eggplant ),ING2895,
eggplants,ING0830,
eggs,ING0355,
elbow macaroni,ING1445,
elephant foot yam,ING1195,
eno,ING0448,
eno ),ING2224,
eno fruit salt,ING0561,
eno fruit salt or pinch of baking soda,ING1429,
extra adobo sauce,ING1567,
extra virgin olive oil,ING2591,
extra-firm tofu,ING0838,
falooda sev,ING1185,
farsan,ING1038,
feenel seeds,ING2099,
fennel,ING0101,
fennel powder,ING0192,
fennel seed,ING2242,
fennel seeds,ING0065,
fennel seeds ),ING2797,
fennel seeds powder,ING0509,
fenugreek,ING1538,
fenugreek leaves,ING0258,
fenugreek seeds,ING0169,
fenugreek seeds powder,ING2885,
feta cheese,ING2563,
fine semolina ),ING2966,
fine sooji,ING0895,
finely grated khoya [dried milk],ING2002,
firmly packed baby spinach,ING1900,
firmly packed methi,ING1633,
fistful chocolate chunks,ING1301,
fistful coriander leaves,ING0737,
fistful mint,ING1224,
fistful of coriander leaves,ING0725,
fistful of groundnuts,ING1334,
fistful peanuts,ING1125,
fistful pudina,ING0735,
fistful raisins,ING1302,
"flattened rice, also known as poha",ING2008,
flaxseed meal,ING0630,
florets broccoli,ING1096,
florets cauliflower,ING0763,
florets gobi,ING0566,
flour,ING0495,
flour tortillas,ING2233,
french baguette,ING1649,
french loaf,ING2569,
fresh,ING0552,
fresh basil,ING0817,
fresh blueberries,ING0943,
fresh cilantro,ING1667,
fresh coconut,ING0697,
fresh cream,ING1137,
fresh cut mangoes and mango puree,ING2477,
fresh figs,ING2171,
"fresh fruits, maple syrup, butter to serve",ING2478,
fresh ginger,ING2143,
fresh ginger-garlic paste,ING1699,
fresh grated coconut,ING1321,
fresh lemon juice,ING1865,
fresh mango cubes,ING2464,
fresh mint leaves,ING1681,
fresh okras,ING1278,
fresh strawberry puree,ING1803,
fresh strawberry puree [from around 20-25 strawberries],ING1682,
fresh tuvar dana,ING2708,
freshly grated coconut,ING2547,
freshly grated nutmeg,ING0662,
fried gram dal,ING1124,
fried noodles,ING2860,
fried onion,ING0738,
fried onions,ING0568,
fried peanuts,ING1471,
frozen banana,ING1590,
frozen berries,ING1589,
frozen corn,ING2370,
frozen green peas,ING0411,
fruit salt,ING1768,
full cream cows,ING1177,
full cream milk,ING0291,
full cream milk powder,ING1215,
full fat milk powder,ING2623,
full recipe of chole,ING1226,
garam amasala,ING1544,
garam masala,ING0006,
garam masala powder,ING0076,
garam masala powder + more to sprinkle,ING1604,
garam masala powder + more to sprinkle on top,ING1634,
garam masala powder [optional],ING1630,
garam masala[,ING1427,
garlic,ING0021,garlic cloves
garlic ),ING0999,
garlic [from 3-4 garlic pods],ING1627,
garlic chives,ING1988,
garlic chutney,ING1095,
garlic mayonnaise,ING1117,
garlic powder,ING0373,
garlic salt,ING1651,
generous pinch asafoetida,ING1154,
generous pinch baking soda,ING0902,
generous pinch hing,ING0415,
generous pinch of cardamom powder,ING2020,
generous pinch of hing,ING0882,
generous pinch of nutmeg powder,ING1564,
generous pinch saffron,ING1872,
generous pinch saffron strands,ING0372,
generous pinch saffron strands hot milk),ING1983,
ghee,ING0010,
ghee ),ING0371,
ghee [clarified butter],ING1673,
ghee [or butter],ING1717,
ghee clarified butter,ING2711,
ghee for roasting,ING1453,
ghee or oil,ING0392,
ghee or oil as required,ING0742,
gingelly oil,ING1540,
ginger,ING0004,
ginger ),ING0452,
ginger - garlic paste,ING0388,
ginger [12 grams],ING1558,
ginger and garlic,ING1199,
ginger and green chili paste or crushed into mortar,ING2741,
ginger garlic paste,ING0030,
ginger garlic paste ),ING0664,
ginger julienne,ING1980,
ginger or adrak,ING1347,
ginger piece,ING1687,
ginger powder,ING0346,
ginger snaps,ING2422,
ginger-garlic,ING1074,
ginger-garlic paste,ING0075,
glass cola,ING1368,
glazed cherries,ING1610,
glutinous rice,ING2519,
gm butter,ING1400,
gm buttermilk,ING1438,
"gm carrot, grated",ING0774,
gm cocoa powder,ING1431,
gm condensed milk,ING1088,
gm cream cheese,ING1089,
gm curd,ING1068,
gm maida,ING0532,
gm milk,ING1420,
"gm milk powder, full cream",ING1421,
gm milkmaid,ING1430,
gm olive oil,ING0686,
gm or 2 pack rice noodles,ING1077,
gm sugar,ING0685,
"gm unsalted butter, room temperature",ING1087,
gm wheat flour,ING0527,
gm white button mushrooms,ING1698,
gms suvarnagadde,ING1403,
gobi,ING0544,
gochujang,ING0899,
goda masala,ING0466,
golden raisins,ING0135,
graham cracker crumbs,ING2266,
graham cracker crumbs or crushed digestive biscuits,ING2688,
gram flour,ING0553,
grams ash gourd,ING1381,
"grams butter, softened",ING1553,
grams curd,ING1412,
grams kokum,ING1374,
grams maida,ING1413,
grams oil,ING0761,
grams sugar,ING0565,
grams tutti frutti,ING1414,
grams wheat flour,ING1554,
granny smith apple,ING2396,
granulated sugar,ING0401,
grape size tamarind,ING1270,
grape sized tamarind,ING1311,
grape syrup,ING1156,
grapes,ING0543,
grate carrots,ING1859,
grated,ING1331,
grated beets,ING2127,
grated burfi and boondi,ING2368,
grated carrots,ING0909,
grated cheese,ING0463,
grated coconut,ING0270,
grated garlic,ING0314,
grated ginger,ING0237,
grated lauki,ING2424,
grated mawa,ING0844,
grated mozzarella cheese,ING1119,
grated onion,ING2137,
grated onions,ING2226,
grated paneer,ING0879,
grated pepper jack cheese,ING1936,
greek yogurt,ING0496,
greek yogurt ),ING2959,
green beans,ING0215,
green bell pepper,ING0407,
green capsicum,ING0443,
green cardamom,ING0181,
green cardamom pods,ING0159,
green cardamom powder,ING0808,
green cardamom seeds powder,ING0121,
green cardamoms,ING0127,
green chili,ING0013,green chilies|green chilli
green chili [1 gram] or adjust,ING1559,
green chili [or add more ],ING1657,
green chili peppers ),ING2663,
green chili sauce,ING0623,
green chilli ),ING1279,
green chilli paste,ING1104,
green chillies,ING0538,
green chillis,ING1148,
green chillli,ING1386,
green chutney,ING0100,
green coriander chutney,ING0410,
green enchilada sauce,ING1905,
green food color,ING0484,
green grapes,ING1828,
green jackfruit,ING2134,
green moong dal,ING0767,
green onion,ING0422,
green onions,ING0284,
green onions ),ING2033,
green peas,ING0050,
green pepper,ING0105,
green pepper or capsicum,ING2481,
ground almonds,ING2790,
ground black pepper,ING0487,
ground cardamom,ING0887,
ground cinnamon,ING0324,
ground coffee,ING2117,
ground coriander,ING1775,
ground cumin,ING0835,
ground flaxseed,ING2521,
ground ginger,ING0403,
ground nutmeg,ING0642,
ground pepper,ING1862,
ground pistachio powder,ING2613,
ground pistachios,ING2059,
ground sumac,ING1776,
ground turmeric,ING0885,
gulab jamun,ING2375,
gulab jamuns,ING0888,
gulkand,ING0173,
gulkand [rose petal preserve],ING1759,
gulla,ING1151,
hakka noodles or any noodles,ING1181,
half lime,ING1993,
handful coriander,ING0692,
handful coriander leaves,ING1067,
handful mint,ING0759,
handful mint leaves,ING0920,
handful of coriander leaves,ING0700,
handful of mozzarella,ING1146,
handful of mozzarella cheese,ING1160,
handful of palak,ING1110,
handful of pomegranate seeds,ING1093,
handful of sev,ING0533,
handful of tutti frutti,ING1109,
handful pudina,ING1076,
handful sev,ING1056,
handful spaghetti,ING1246,
hazelnut spread,ING2486,
hazelnuts,ING2524,
head broccoli,ING1952,
head butter lettuce,ING2157,
head cauliflower,ING0858,
head cauliflower ),ING2122,
head green cabbage,ING2416,
head of a cauliflower,ING2357,
head of broccoli,ING2586,
heavy cream,ING0053,
heavy cream ),ING2183,
heavy cream [or milk or half n half],ING2235,
heavy whipping cream,ING0278,
heavy whipping cream ),ING2669,
heavy whipping cream or fresh cream or malai,ING0220,
hesaru bele or moong dal,ING1342,
hing,ING0045,pinch hing|pinch of hing
hing powder,ING0806,
hoisin sauce,ING0503,
honey,ING0130,
honey for serving,ING1046,
honey or sugar,ING2615,
honeycrisp apple,ING2397,
horsegram,ING0781,
hot coffee,ING2523,
hot honey and sea salt flakes,ING2231,
hot oil,ING0766,
hot sauce,ING0319,
hummus,ING1816,
hung curd,ING0689,
ice cream,ING2687,
ice cream ),ING1103,
ice cubes,ING0227,
icing sugar,ING1090,
idli,ING0768,
idli rava,ING1233,
idli rava - cream of rice,ING1318,
idli rice,ING0348,
idli rice or sona masuri rice,ING0775,
idli-dosa batter,ING2051,
idlis,ING0743,
inch ginger,ING1143,
inches ginger,ING1242,
indian butterscotch essence,ING0896,
indian tea,ING2863,
instant coffee,ING0641,
instant coffee powder,ING2246,
instant gulab jamun mix,ING1111,
instant masala dosa mix,ING1236,
instant oats,ING2814,
instant rabdi,ING2304,
instant yeast,ING2876,
italian parsley,ING2600,
italian seasoning,ING0307,
jackfruit leaves for making idli kotte,ING1336,
jaggery,ING0051,
jaggery powder,ING0254,
jalapeno,ING0224,
jalapeno pepper,ING2215,
jalapenos,ING2406,
jalapeño,ING0161,
jalapeños,ING1161,
jam,ING2271,
jamun pulp,ING2614,
japanese eggplant,ING1871,
jasmine rice,ING0795,
jeerakasala rice,ING1448,
jowar flour,ING0458,
juice of 1 lemon,ING0472,
juice of 1 lemon or lime,ING1814,
juice of 1 lime,ING0350,
juice of half lemon,ING0488,
kadle bele,ING1282,
kahmiri red chilli powder,ING1460,
kaju,ING0777,
kala chana,ING0876,
kala namak,ING0136,
kale,ING0400,
kale [ using food processor],ING1695,
kalonji,ING0468,
kalonji seeds,ING1954,
karela,ING2330,
kashmir red chilli powder,ING1441,
kashmiri chili powder,ING0724,
kashmiri chilli powder,ING0165,
kashmiri dried red chilies,ING0655,
kashmiri mirch powder,ING1646,
kashmiri red chili,ING1183,
kashmiri red chili powder ),ING0617,
kashmiri red chili pwoder,ING1170,
kashmiri red chilli,ING0454,
kashmiri red chilli pwoder,ING1037,
kashmiri whole dried red chilies,ING2066,
kasmiri red chili powder,ING2125,
kasoori methi ),ING2960,
kasturi methi,ING1764,
kasuri methi,ING0038,kasoori methi
kasuri methi [dried fenugreek leaves],ING0814,
kataifi dough,ING2611,
kataifi pastry,ING2472,
kesar,ING1369,
kesar pista shrikhand,ING2346,
kewra essence,ING0598,
kewra essence or rose essence,ING2303,
khas khas,ING0654,
khoya,ING0300,
khoya ),ING2808,
kidney beans,ING0851,
kilogram red carrots,ING2034,
kokum,ING1433,
ladi pav,ING2549,
lagre green chili,ING2753,
lauki,ING0269,
lavang,ING0138,
lb baby potatoes,ING1866,
lb baby spinach,ING1863,
lb brussel sprouts,ING2192,
lb butternut squash,ING2209,
lb carrots,ING0603,
lb diced butter nut squash,ING2602,
lb dried chickpeas ),ING2905,
lb greek yogurt,ING1938,
lb okra,ING2502,
lb pizza dough,ING1997,
lb potatoes ),ING2939,
lb spinach,ING1874,
lb squash,ING2193,
lb tofu,ING0901,
lb tomatoes,ING2942,
leaves lettuce,ING2828,
leaves mint,ING1380,
leaves pudina,ING1468,
leaves spinach,ING2936,
leftover any punjabi chole gravy,ING2802,
leftover chapati,ING1116,
leftover dal,ING2729,
lemon,ING0110,
lemon extract,ING0643,
lemon juice,ING0019,
lemon juice [optional],ING1706,
lemon juice of,ING2566,
lemon juice or lime juice,ING0219,
lemon or lime,ING0847,
lemon or lime wedges,ING1890,
lemon sized tamarind,ING1307,
lemon sized tamarind extract,ING1404,
lemon slices,ING1594,
lemon wedge,ING2164,
lemon wedges,ING0863,
lemon zest,ING0325,
lemons,ING2144,
less than 1,ING2852,
lettuce,ING0708,
lettuce leaves,ING0451,
light brown sugar,ING0323,
lime,ING0175,
lime juice,ING0232,
lime or lemon juice,ING2085,
lime wedges,ING0370,
limestone,ING1449,
liter vanilla ice cream,ING1784,
liters whole milk,ING0626,
litre + 3 tbsp whole milk,ING2239,
litre full cream milk,ING1132,
litre whole milk,ING1751,
little more than 1,ING2789,
lobia,ING1452,
long beans,ING1193,
long grain rice or basmati rice,ING2788,
loose black tea leaves,ING2282,
loose tea leaves,ING2048,
loose tea leaves [i used indian society tea brand],ING1694,
low fat milk,ING0716,
lukewater as required,ING1141,
mace,ING1139,
maggi pack,ING1097,
maize flour,ING1456,
makhana,ING2090,
makki atta,ING2345,
mango,ING0764,
mango ),ING1366,
mango essence,ING2476,
mango jelly,ING1186,
mango juice,ING2681,
mango pieces,ING0546,
mango powder,ING0687,
mango pulp,ING0536,
mango pulp or puree,ING0519,
mango puree,ING0298,
"mango puree , preferably use indian mangoes like kesar, alphonso )",ING2500,
mangoes,ING0233,
maple syrup,ING0236,
maraschino cheeries,ING2259,
maraschino cherries,ING2237,
marinara sauce ),ING2324,
masala peanuts,ING1094,
mascarpone cheese,ING2374,
mashed,ING1054,
mashed banana,ING0946,
mashed paneer,ING2425,
mashed potato,ING2047,
masoor dal,ING0245,
masoor dal dhuli,ING2429,
masoor dal sabut,ING2562,
matar,ING1073,
mattu gulla,ING1267,
mawa,ING0218,
mawa ),ING0959,
mayonnaise,ING0295,
mayonnaise sauce,ING1203,
medjool dates,ING0621,
meethi chutney,ING0974,
melon seeds,ING0633,
melted butter,ING0752,
melted butter or ghee,ING2366,
melted ghee,ING0404,
melting chocolate wafers,ING2544,
menthe,ING1264,
methi,ING0079,
methi leaves,ING1144,
methi leaves ),ING2031,
methi powder,ING0727,
methi seeds,ING0231,
milk,ING0018,
milk ),ING0954,
milk [i used 1%],ING1758,
milk [i used 2%],ING1676,
milk or heavy cream,ING2302,
milk powder,ING0063,
milkmaid,ING1083,
minced garlic,ING0930,
minced garlic and ginger,ING1645,
minced ginger,ING0931,
mint,ING0111,
mint chutney,ING0913,
mint extract,ING1789,
mint flakes,ING1735,
mint for garnishing,ING1549,
mint leaves,ING0090,
mint leaves ),ING2151,
mint powder,ING1933,
mirin,ING2123,
mishri,ING1787,
mixed dal [equal amount of toor,ING1616,
"mixed greens like spinach, bathua",ING2172,
mixed herbs,ING0131,
mixed vegetables,ING2651,
molasses,ING2258,
mooli,ING0842,
moong dal,ING0166,
moong dal [120 grams],ING1639,
moong dal dhuli,ING0312,
"moong dal dhuli , 205 grams)",ING2095,
moong dal dhuli [yellow split lentil],ING1719,
moong dal kachori or matar kachori,ING1150,
moong sprouts,ING0770,
more amul butter,ING1916,
more cilantro,ING1767,
more desiccated coconut,ING2094,
more desiccated coconut powder,ING1851,
more oil,ING0799,
moth beans,ING0677,
motichoor ladoo,ING0889,
mozzarella cheese,ING0179,
mozzarella or cheddar cheese,ING0739,
mukhwas,ING0966,
murmura,ING0972,
mushroom,ING0688,
mushrooms,ING0335,
mustard greens,ING0918,
mustard oil,ING0119,
mustard oil ),ING2878,
mustard powder,ING1180,
mustard sauce,ING1120,
mustard seeds,ING0017,mustard
mustard seeds powder,ING2884,
mustard seeds!for avalakki or bajil upkari,ING1339,
naan ),ING2109,
navel oranges,ING2872,
nigella seeds,ING1971,
no-boil lasagna noodles,ING2326,
no. idli,ING2726,
non alcoholic apple cider,ING2398,
non-dairy milk,ING2257,
noodles,ING0434,
noodles ),ING2073,
nori sheets,ING2508,
nutella,ING2525,
nutmeg,ING0721,
nutmeg powder,ING0353,
nutmeg powder and more to sprinkle,ING2286,
nutritional yeast,ING1820,
nuts,ING0126,
"nuts like almonds, cashews",ING2356,
"nuts, edible silver leaves",ING2348,
nylon sabudana ),ING2946,
nylon sev,ING0861,
oat milk,ING0616,
oats,ING0440,
of 13.5 oz can coconut milk,ING2197,
of 14 oz can coconut milk,ING2395,
of a bell pepper,ING2445,
of a big lemon,ING2058,
of a green pepper,ING2358,
of channa dal or kadle bele,ING1127,
of coconut,ING1313,
of curd,ING1174,
of dried coconut,ING1287,
of dry coconut,ING1129,
of fresh or desiccated coconut,ING1306,
of ghee,ING1401,
of green chili ),ING2954,
of green pepper,ING2107,
of mustard seeds,ING1312,
of nutmeg,ING2861,
of orange food colour,ING1377,
of red onion,ING2914,
of rice flour,ING1128,
of urad dal,ING0749,
of urad dal or uddina bele,ING1126,
of white onion,ING2963,
oil,ING0002,olive oil
oil ),ING0492,
oil [i used avocado oil],ING1636,
oil [i used canola oil],ING2238,
oil as required,ING1277,
oil for greasing,ING1455,
oil for greasing tawa,ING1266,
oil for roasting chilla,ING1428,
oil or butter,ING2579,
oil or ghee,ING0244,
oil to deep fry,ING1147,
oil to fry,ING1130,
oil to grease idli plate,ING1234,
oil to grease mould and deep fry,ING0710,
oil`,ING2071,
okra,ING0211,
old fashioned oats,ING1659,
old fashioned rolled oats,ING0892,
olive oil or ghee,ING1925,
olives,ING0331,
olives [i used california black ripe olives],ING1662,
oma,ING1276,
onion,ING0007,
onion ),ING1173,
onion seeds [kalonji],ING1736,
onion tomato masala,ING0486,
onion tomato masala ),ING2850,
onions,ING0191,
or 1,ING2758,
or 1 1,ING2732,
or 10 oz paneer,ING2640,
or 2 dried red chilli,ING1346,
or 3 no. green cardamoms,ING2637,
or 300 grams or 12 oz raw mango,ING2883,
or 500 grams sweet potatoes,ING2955,
or 7 oz paneer,ING1025,
or 8 oz cream cheese,ING2795,
or about 300 grams raw mango,ING2657,
or ½ pound spaghetti,ING2819,
or ½ tsp garam masala powder,ING1345,
orange,ING0765,
orange extract,ING0944,
orange food color,ING0354,
orange food colour,ING1444,
orange juice,ING2203,
orange mandarin,ING1467,
orange pepper,ING2585,
orange zest,ING2205,
oregano,ING0547,
oreo biscuit,ING1214,
oreo biscuits,ING1212,
ounces all purpose flour,ING1599,
ounces baby spinach,ING2325,
oz arugula,ING2146,
oz block feta cheese,ING2592,
oz can black beans,ING0611,
oz can chickpeas,ING0361,
oz can coconut milk,ING0412,
oz can condensed milk,ING0359,
oz can diced tomato,ING1973,
oz can diced tomatoes,ING0317,
oz can fire roasted tomatoes,ING1920,
oz can lite coconut milk,ING1879,
oz can of hunt's fire roasted diced tomatoes,ING1841,
oz can refried beans,ING1935,
oz can sweetened condensed milk,ING1984,
oz can young jackfruit,ING2517,
oz cauliflower rice,ING1959,
oz cheddar cheese,ING2899,
oz chocolate,ING0940,
oz chocolate chips,ING2679,
oz condensed milk,ING2053,
oz cranberries,ING2202,
oz cream cheese,ING0109,
oz dark chocolate,ING2612,
oz dark chocolate melting wafers,ING2475,
oz dry pasta ),ING2896,
oz elbow macaroni,ING2212,
oz extra firm tofu,ING1577,
oz extra-firm tofu,ING0234,
oz feta cheese,ING2187,
oz frozen chikoo slices,ING1585,
oz goat cheese,ING2211,
oz grams paneer,ING2958,
oz heavy cream,ING0941,
oz hummus,ING2606,
oz jar biscoff cookie butter,ING2244,
oz mascarpone cheese,ING2461,
oz mushrooms,ING1889,
oz noodles,ING2338,
oz pack of almond breeze almond milk original,ING1664,
oz paneer,ING0418,
oz pasta,ING2593,
oz penne pasta,ING1972,
oz ricotta cheese,ING2385,
oz rigatoni pasta,ING2505,
oz salsa,ING2384,
oz semi-sweet chocolate chips,ING0797,
oz shiitake mushrooms,ING2595,
oz spaghetti,ING0413,
oz spinach,ING0471,
oz stir-fry rice noodles,ING2032,
oz tofu,ING0614,
"oz tofu, cubed",ING2394,
oz uncle ben&#039;s roasted garlic rice,ING1576,
oz white chocolate,ING2010,
oz white mushrooms,ING0490,
oz whole wheat penne pasta,ING2558,
oz wide rice noodles ),ING1924,
paan leaf,ING1084,
paan leaves,ING0283,
paan leaves [betel leaves],ING1757,
pack maggi,ING1527,
pack maggi masala,ING1113,
pack maggi noodles or any noodles,ING1112,
pack maggi tastemaker,ING1526,
pack noodles,ING1376,
pack rice vermicelli,ING1461,
pack vermicelli noodles,ING1436,
packed methi leaves,ING1855,
packet active dry yeast ),ING2865,
packet maggi masala,ING1220,
packet maggi noodles,ING1221,
palak,ING0462,
palak leaves,ING1249,
panang curry paste,ING1948,
panch phoran mix,ING1839,
panch phoron,ING0645,
panchporan,ING1793,
paneer,ING0057,
paneer cubes,ING0351,
paneer momos,ING2067,
pani puri masala powder,ING2734,
panko bread crumbs,ING0535,
panko bread crumbs or any of your choice,ING1247,
panner,ING1545,
papad,ING1442,
papadum,ING1990,
paper avalakki,ING1265,
paprika,ING0187,
paprika powder,ING0249,
parle-g,ING1415,
parle-g bicsuits,ING2148,
parle-g biscuits,ING0917,
parmesan cheese,ING0816,
parsley,ING0506,
parsley or cilantro,ING0803,
parsnips,ING2598,
pav,ING0521,
pav bhaji masala,ING0195,
pav bhaji masala powder,ING1108,
peaches,ING1658,
peanut butter,ING0398,
peanut oil,ING0660,
peanut oil for serving,ING1546,
peanut powder,ING0698,
peanuts,ING0047,
peanuts ),ING2849,
pear,ING0570,
pearl onions,ING2427,
peas,ING0083,
pecans,ING0597,
pepper,ING0025,black pepper|black pepper powder
pepper powder,ING1259,
peppercorns,ING0476,
pepperidge farm® puff pastry sheet,ING1891,
peppers,ING0897,
peri peri sauce,ING0701,
pesto,ING2166,
petals onion,ING1388,
phool makhana,ING2743,
phyllo dough sheets,ING2365,
phyllo shells,ING2528,
phyllo shells ),ING2382,
pickle masala,ING0587,
pickle masala for serving,ING1547,
pickled jalapeños,ING1205,
piece cinnamon stick,ING2824,
piece dry pomegranate peels,ING1272,
piece ginger,ING2645,
piece green chili ),ING2670,
piece jaggery,ING0431,
piece of charcoal,ING1917,
piece of tamarind,ING1229,
piece tamarind,ING0260,
pieces mango,ING1197,
pieces of chocolate,ING0793,
pinch,ING2539,
pinch aamchur,ING0572,
pinch ajwain,ING0908,
pinch baking powder,ING1960,
pinch baking soda,ING0230,
pinch black pepper,ING2343,
pinch black salt,ING1806,
pinch cardamom powder,ING0182,
pinch chaat masala,ING0397,
pinch cinnamon powder,ING0859,
pinch citric aid,ING2576,
pinch coriander powder,ING1870,
pinch cumin powder,ING0563,
pinch garam masala,ING0894,
pinch garam masala powder,ING1666,
pinch green cardamom powder,ING2007,
pinch hing ),ING1805,
pinch kashmiri red chili powder,ING2140,
pinch kashmiri red chilli powder,ING0782,
pinch of ajwain,ING1607,
pinch of asafoetida,ING0341,
pinch of baking soda,ING0334,
pinch of cayenne pepper,ING1582,
pinch of chaat masala,ING0381,
pinch of chilli flakes,ING1162,
pinch of cumin powder,ING0723,
pinch of kashmiri chili powder,ING1209,
pinch of kashmiri red chilli powder,ING0681,
pinch of nutmeg powder,ING1613,
pinch of orange food colour,ING1373,
pinch of oregano,ING1163,
pinch of pepper,ING1652,
pinch of red chili powder,ING1692,
pinch of saffron,ING1825,
pinch of saffron strands,ING1641,
pinch of soda,ING1065,
pinch of sugar,ING1779,
pinch of white pepper powder,ING1575,
pinch orange food colour,ING1058,
pinch red chili powder,ING2108,
pinch red food colour,ING1188,
pinch saffron,ING2333,
pinch saffron food colour,ING0757,
pinch saffron strands,ING0320,
pinch sugar,ING2329,
pinch turmeric,ING0564,
pinch white pepper powder,ING2220,
pine nuts,ING1886,
pineapple,ING0485,
pineapple chunks,ING2444,
pineapple essence,ING2261,
pineapple juice,ING0936,
pineapple puree,ING2751,
pineapple slices,ING2236,
pink food color,ING0605,
pints cherry or grape tomatoes,ING2590,
pistachio,ING2012,
pistachio paste,ING2473,
pistachios,ING0067,
pistachios kernels,ING2104,
"pistachios, dried rose petals , edible gold leaves",ING2378,
"pistachios, saffron strands",ING2149,
pitted dates,ING2536,
pizza base,ING1709,
pizza sauce,ING0240,
plain flour,ING1298,
plain whole yogurt,ING1930,
"plain yogurt , chilled)",ING2932,
"plain yogurt , sour)",ING1021,
"plain yogurt make sure it is thick, not watery)",ING2689,
plain yogurt whisked till smooth),ING0668,
plain yogurt whisked),ING2750,
poblano pepper,ING1565,
poblano peppers,ING2206,
pod black cardamom,ING0690,
pods cardamom,ING0098,
poha,ING0271,
"poha , soaked for 5-10 minutes)",ING1897,
pomegranate,ING1384,
pomegranate arils,ING0251,
pomegranate powder,ING1472,
pomegranate seed powder,ING1977,
pomegranate seeds,ING0342,
poppy seeds,ING0154,
poppy seeds [khus khus],ING1739,
potato,ING0040,potatoes
potato ),ING2106,
potato gnocchi,ING2042,
potato or 2,ING1606,
potatoes [around 420 grams],ING1625,
pound whole milk greek yogurt,ING2499,
powdered jaggery,ING0420,
powdered sugar ),ING0421,
powdered sugar`,ING2311,
preferably coconut oil,ING1251,
pudina,ING0529,
puff pastry sheet,ING2105,
puff pastry sheet ),ING2110,
puff pastry sheet [9x9],ING1661,
puffed rice,ING0560,
puliyogare masala,ING1364,
pumpkin,ING1149,
pure vanilla extract,ING0162,
puri,ING1055,
puris,ING1208,
putani,ING0526,
putani powder,ING0695,
quinoa,ING0282,
quinoa ),ING2001,
quinoa`,ING1910,
radish,ING0549,
ragda,ING1542,
ragi flour,ING0625,
raisins,ING0073,
rajgira ka atta,ING0676,
rajma,ING0328,
rasam powder,ING0691,
rasins,ING1091,
rasmalai essence,ING2018,
raspberries,ING1807,
raspberry,ING1382,
rava,ING0061,
rava or sooji [fine semolina],ING1668,
raw,ING2707,
raw banana,ING0731,
raw cashews,ING0489,
raw chickpeas,ING0590,
raw green mangoes,ING1595,
raw mango,ING0387,
raw mangoes,ING1792,
raw papaya,ING1378,
raw peanuts,ING0608,
raw plantain,ING1492,
raw rice,ING0542,
red bell pepper,ING0281,
red bell pepper or ¼ of a big pepper,ING1716,
red capsicum,ING0444,
red cherries,ING2489,
red chili flakes,ING0198,
red chili powder,ING0011,kashmiri red chili powder|kashmiri red chilli powder
red chili powder ),ING0928,
red chili powder [adjust ],ING1690,
red chili pwoder,ING1569,
red chili sauce,ING2413,
red chilli,ING0261,
red chilli flakes,ING0699,
red chilli powder,ING1275,
red chillies,ING1341,
red curry paste,ING0607,
red enchilada sauce ),ING1904,
red food colour,ING0694,
red lentil,ING2552,
red lentils,ING0834,
red onion,ING0014,
red onions,ING1631,
red pepper,ING0077,
red peppers,ING1899,
red wine vinegar,ING0604,
red-hot charcoal,ING0760,
rice,ING0263,
rice flour,ING0055,
rice flour or cornstarch,ING1832,
rice noodles,ING1190,
rice stick noodles,ING1985,
rice vinegar,ING0106,
rice vinegar or use regular white vinegar,ING1562,
rice wine,ING0953,
ripe mangoes,ING2454,
ripe peaches,ING1815,
ripened banana,ING0693,
ripped red tomatoes,ING1217,
ripped tomatoes,ING1153,
rise krispies,ING1707,
roasted cashews,ING2136,
roasted chana dal,ING0450,
roasted cumin powder,ING0150,
roasted nuts,ING1620,
roasted peanuts,ING0374,
roasted split gram,ING1387,
roasted vermicelli,ING0957,
"rock flower , optional)",ING2649,
rock salt,ING0137,
rolled oats,ING0210,
roma tomatoes,ING1650,
roof afza syrup or rose syrup,ING2683,
rooh afza syrup,ING2621,
rose petals,ING2442,
rose syrup,ING0228,
rose water [optional],ING1685,
rotis,ING0845,
rum extract,ING2377,
rusks,ING2463,
russet potato or 2 potatoes,ING1572,
russet potatoes,ING2506,
saasuve,ING1344,
sabudana,ING0167,
saffron,ING0178,
saffron food colour,ING0569,
saffron milk,ING0265,
saffron strands,ING0141,
saffron strands hot water),ING1885,
saffron threads,ING1121,
sal,ING1231,
salsa,ING2402,
salt,ING0001,
salt ),ING0500,
salt a pinch,ING1262,
salt as per the taste,ING1239,
salt as required,ING0393,
salt for taste,ING1256,
salt or,ING1674,
salt or sand,ING1432,
salted butter,ING0172,
"salted butter , at room temperature )",ING2281,
salted butter [1 stick],ING2294,
salted peanuts,ING2471,
sama ke chawal,ING2843,
sambal oelek,ING0914,
sambar powder,ING0336,
samosa,ING1543,
sandige menasu,ING1152,
sandwich masala,ING1712,
sattu,ING0571,
saunf,ING0383,
scallion,ING2482,
scallion or spring onion [only the white part],ING1696,
schezwan chutney,ING0347,
schezwan sauce,ING0222,
scoop mango ice cream,ING1187,
scoop vanilla ice cream,ING0726,
scoop vanilla ice-cream,ING1383,
scoops vanilla ice cream,ING0758,
sea salt,ING2069,
seedless tamarind ),ING1998,
seeds methi,ING1182,
semolina,ING0555,
semolina [sooji],ING1856,
sendha namak,ING0615,
sesame,ING0332,
sesame oil,ING0134,
sesame seeds,ING0064,
sesame seeds [till],ING1738,
sev,ING0157,
shah jeera,ING1434,
shahi jeera,ING0304,
"shallot, halves",ING1551,
shallots,ING0470,
shaved white chocolate,ING2011,
sheet puff pastry,ING2335,
sheets spring roll wrappers,ING2968,
short grain rice,ING1001,
shredded carrot,ING2316,
shredded cauliflower [from 1,ING1637,
shredded cheese,ING0862,
shredded coconut,ING1726,
shredded mozzarella cheese or,ING1711,
shredded parmesan cheese,ING1894,
sichuan peppercorns,ING2594,
silver vark,ING1408,
silvered almonds,ING2248,
singhare ka atta,ING0673,
size cucumber,ING1309,
size onion,ING0748,
size raw banana,ING1172,
size tomato,ING0747,
sized capsicum ),ING1171,
sized carrot,ING1204,
sized cucumber,ING1222,
sized kumbalakai,ING1330,
sized onion,ING0242,
sized potato,ING0445,
sized potatoes,ING1167,
sized purple brinjal,ING1164,
sized tomatoes,ING1169,
skewers,ING2961,
slice bread,ING0140,
slice cucumber,ING1465,
slice jalapeno,ING1454,
slice lemon,ING0453,
slice mozzarella cheese,ING1555,
slice of bread ),ING1257,
slice potato,ING1464,
slice tomato,ING0436,
sliced almonds,ING0313,
sliced banana,ING2449,
sliced capsicum,ING1535,
sliced nuts,ING0811,
sliced olives,ING1536,
sliced white mushroom,ING2393,
slices bread,ING0148,
slices bread ),ING2713,
slices cheese,ING2827,
slices galangal,ING1844,
slices processed cheese,ING1064,
slices tomatoes,ING1118,
slivered almonds,ING2924,
slivered pistachios and edible silver leaves,ING2577,
smoked paprika,ING0072,
snake gourd,ING1228,
soda water ),ING2230,
some almonds,ING2297,
sona masoori rice,ING2321,
sona masuri rice,ING1263,
sooji,ING0118,
sooji ),ING1013,
sooji or semolina,ING2291,
sour cream,ING0406,
sourdough bread slices,ING2546,
sourdough bread slices ),ING2352,
soy sauce,ING0048,
soya bean,ING1134,
soya chaap sticks,ING1136,
soya chunks,ING0437,
spinach,ING0200,
spinach [75 grams],ING1560,
spinach blend,ING1602,
spinach leaves,ING1762,
splash vanilla extract,ING0646,
split fenugreek seeds,ING2880,
split mustard seeds,ING2879,
split red lentils,ING2196,
split urad dal,ING1295,
sprig green onion,ING1580,
sprigs cilantro or coriander leaves,ING0428,
spring onion,ING0092,
spring onion greens,ING2485,
spring onions,ING0296,
spring roll sheets,ING1437,
springs coriander leaves,ING1327,
sprinkle chaat masala,ING1424,
sprinkle cumin powder,ING1423,
sprinkle kashmiri red chilli powder,ING1422,
sprinkle salt,ING1425,
sprinkles,ING2633,
sprouted moong,ING2619,
squeeze of fresh lemon juice,ING1840,
squeeze of lemon juice,ING1958,
sriracha,ING0185,
sriracha mayonnaise,ING2044,
sriracha or any hot sauce,ING1913,
stalk celery,ING0893,
stalks celery,ING1912,
stalks green onion,ING0250,
stalks green onions,ING0619,
stalks lemongrass,ING0852,
stalks lemongrass ),ING2340,
stalks of green onion,ING2493,
stalks of spring onion,ING0796,
stalks spring onion,ING1325,
star anise,ING0153,
stem coriander leaves,ING1289,
stem spring onions,ING1189,
stick,ING1597,
stick butter,ING2272,
"stick salted butter , at room temperature)",ING2334,
sticks drumsticks,ING2902,
sticks unsalted butter,ING2283,
strads coriander leaves,ING1316,
strained dal water after boiling chana dal for puran poli,ING2811,
strand mace,ING2650,
strands mace,ING1027,
strands of saffron,ING0705,
strands saffron,ING0259,
strands saffron ),ING2664,
strawberries,ING0730,
"strawberries, maple syrup, butter",ING2510,
strawberry,ING0433,
strawberry extract,ING1804,
strong coffee,ING2376,
sugar,ING0005,granulated white sugar|powdered sugar
sugar ),ING1031,
sugar [i used vegan granulated white sugar],ING1703,
sugar [optional],ING1721,
sugar crystals,ING0794,
sugar for a sweeter halwa),ING1940,
sugar or,ING1693,
sugar or as required,ING1335,
sugar powder,ING1235,
sugar powder for toppings,ING1303,
"sugar, jaggery",ING2050,
sugarpinch hing,ING1552,
suji,ING0574,
sumac,ING2608,
sun dried kokum,ING1274,
superfine caster sugar,ING2252,
suran,ING0728,
sushi rice,ING2479,
sweet chili sauce,ING1849,
sweet corn,ING0170,
sweet corn [i used frozen],ING1729,
sweet corn kernels,ING0385,
sweet onion,ING0867,
sweet potato,ING1296,
sweet potatoes,ING0352,
sweet syrup from the gulab jamun,ING2097,
sweet tamarind chutney,ING0243,
sweet tamarind chutney [i used store bought],ING1722,
sweetened condensed milk,ING0459,
sweetener of choice,ING2004,
tabelspoon cilantro or coriander leaves,ING2823,
tabelspoons peanut butter,ING1794,
tablepoons tomato paste,ING2056,
tablsepoon milk,ING2111,
tahini,ING0650,
tamari,ING0491,
tamarind,ING0221,
tamarind ),ING2970,
tamarind chutney,ING0180,
tamarind concentrate,ING0498,
tamarind dates chutney,ING1937,
tamarind extract,ING0122,
tamarind juice,ING0460,
tamarind paste,ING0280,
tamarind paste ),ING2845,
tamarind piece,ING2554,
tamarind pulp,ING0455,
tamarind sweet chutney,ING2009,
tandoori masala,ING0869,
tea bags,ING0573,
tea powder,ING1290,
teapoon hot sauce,ING2219,
teaspooon garam masala,ING2354,
"teasppon salt , )",ING2130,
tender coconut meat,ING1821,
th of a 14 oz. can condensed milk,ING2162,
th tsp baking powder,ING1157,
th tsp baking soda,ING1158,
th tsp cardamom powder,ING1407,
thai basil,ING0364,
thai chili,ING1986,
thai chilies,ING1847,
thai green chili,ING0860,
thandai,ING2218,
thandai paste,ING2268,
thandai powder,ING0253,
the pan,ING2812,
the spice hunter coriander powder,ING2079,
the spice hunter cumin powder,ING2080,
the spice hunter smoked paprika,ING2081,
the spice hunter turmeric,ING2082,
thick avalakki,ING0732,
thick coconut milk,ING1791,
thick curd,ING0390,
thick fresh curd,ING0734,
thick poha,ING0537,
thick yogurt,ING2190,
thick yogurt or hung curd,ING1710,
thickened cream,ING0262,
thickened milk from the rasmalai,ING2017,
thin nylon sev,ING0973,
thin poha,ING0778,
thin rice flakes,ING0753,
thin sev,ING2115,
thinly sliced onion,ING1966,
thread saffron,ING1550,
threads saffron,ING1102,
tikka masala spice mix,ING2913,
tin,ING0729,
tindora,ING1194,
to 1,ING0629,
to 12 byadagi or bedgi red chilies,ING1283,
to 3 potatoes,ING2514,
to othpick to secure mushrooms,ING1248,
to rtillas,ING1763,
toasted and crushed almonds,ING2177,
toasted coconut chips,ING1615,
toasted sesame oil,ING0201,
tofu,ING1861,
tomato,ING0069,tomatoes
tomato ketchup,ING0144,
tomato paste,ING0115,
tomato pulp,ING0382,
tomato puree,ING0196,
tomato pureed,ING2894,
tomato sauce,ING0114,
tomato sauce or add as required,ING1254,
tomatoes ),ING0665,
"tomatoes , roma or plum tomatoes)",ING2907,
"tomatoes , washed and cut into chunks)",ING2969,
tomatoes [500 grams],ING1556,
tomatoes [around 550 grams],ING1644,
tondli,ING2648,
toor,ING1836,
toor daal,ING1294,
toor dal,ING0088,
tortilla chips,ING1906,
tspschezwan sauce,ING1062,
turbinado,ING2574,
turbinado sugar,ING2317,
turmeric,ING0009,turmeric powder
tutti frutti,ING0209,
tutti-frutti,ING1390,
udupi saaru pudi,ING1525,
unroasted rava,ING1338,
"unsalted butter , at room temperature )",ING2279,
"unsalted butter , at room temperature)",ING0937,
"unsalted butter , melted)",ING2023,
unsalted vegan butter ),ING2277,
unsweetened applesauce,ING0952,
unsweetened cocoa powder,ING0229,
urad dal,ING0024,
urad dal ),ING0877,
urad dal chilka,ING1688,
urad dal dhuli,ING0497,
urad dal dhuli ),ING1831,
urad dal dhuli [split black gram without skin],ING0818,
urad dal gota,ING0891,
urad dal gota ),ING2322,
urad dal sabut,ING0589,
valor,ING2775,
vanilla,ING0322,
vanilla custard powder [i use the one we get at indian stores,ING2452,
vanilla extract,ING0031,
vanilla extract [optional],ING1679,
vanilla ice cream,ING0815,
vanilla paste,ING2632,
vatana,ING2733,
vegan butter,ING0910,
vegan yogurt,ING1848,
vegetable broth,ING0315,
vegetable oil,ING0085,
vegetarian oyster sauce,ING0613,
vermicelli,ING0682,
very apple [from 1 apple],ING2309,
very mangoes or 3 mangoes,ING1608,
vinegar,ING0084,
waffle cones,ING1223,
walnuts,ING0168,
warm milk,ING0534,
water,ING0133,
water ),ING0362,
"water , to soak onion rings)",ING2953,
water as needed),ING2746,
water as required for kneading,ING0740,
water as required to blend smooth,ING1232,
water as required to knead dough,ING1218,
water for kneading,ING1470,
water for soaking,ING0297,
water or as required,ING0684,
water or as required to knead the dough,ING1635,
water or broth,ING2320,
water or vegetable broth,ING0802,
water or vegetable broth ),ING1950,
water to boil,ING1135,
water to grind,ING1371,
water to knead dough,ING0706,
water to maintain the consistency,ING1240,
water to prepare batter,ING1297,
water to seal,ING1459,
water to soak tamarind),ING2736,
watermelon,ING1752,
watermelon seeds,ING0945,
wheat flour,ING0080,
wheat flour for dusting,ING0741,
whey,ING0514,
whipped cream,ING0457,
whipped topping,ING2583,
whisked curd,ING1238,
whisked plain yogurt,ING0853,
whisked yogurt,ING2139,
white basmati rice,ING1908,
white beans,ING1842,
white chickpeas,ING2060,
white chocolate,ING2423,
white chocolate chips,ING2923,
white chocolate for decoration,ING1417,
white chocolate melting wafers,ING0919,
white distilled vinegar,ING0427,
white granulated sugar,ING0203,
white onion,ING0174,
white onion ),ING2941,
white peas,ING1075,
white pepper,ING2043,
white pepper powder,ING0216,
white potatoes [260 grams],ING1765,
white radish,ING2173,
white rice,ING1903,
white sesame seeds,ING0360,
white sugar,ING0520,
white vinegar,ING0103,
white whole wheat flour,ING2315,
whole almonds,ING0824,
whole bay leaf,ING1929,
whole black cardamom,ING1999,
whole black pepper,ING1092,
whole black peppercorns,ING0855,
whole cashew,ING0438,
whole cashew nuts,ING1941,
whole cashews,ING0208,
whole coriander seeds,ING1877,
whole dried kashmiri red chilli,ING0718,
whole dried red chili,ING0482,
whole dried red chilies,ING0235,
whole dry red chili,ING1704,
whole dry red chilies,ING1743,
whole green cardamom,ING0366,
whole green cardamom pods,ING2349,
whole green cardamoms,ING0618,
whole green chilies,ING2194,
whole green chilli,ING1066,
whole green moong dal,ING0979,
whole green mung beans,ING2000,
whole kashmiri red chilli,ING0722,
whole lemon juice,ING1086,
whole masoor dal,ING1907,
whole milk,ING0158,
whole milk yogurt,ING0627,
whole peppercorns,ING1979,
whole raw cashews,ING1884,
whole red chilies,ING1718,
whole urad dal,ING2893,
whole wheat flour,ING0071,
whole wheat flour [atta],ING2298,
x 1 inch ginger,ING2533,
x 13.5 oz can coconut milk,ING2341,
x 15.5 oz can of chickpeas,ING1766,
x puff pastry sheets,ING1992,
x15 oz can black beans,ING2401,
yeast,ING1532,
yellow corn,ING0927,
yellow food color,ING0832,
yellow moong dal,ING0255,
yellow moong dal dhuli,ING1909,
yellow onion,ING0128,
yellow onions,ING2560,
yellow or red onion,ING1774,
yoghurt,ING1273,
yogurt,ING0039,curd|plain yogurt
yogurt ),ING0898,
za&#39;atar,ING2565,
zest of 1 lemon,ING2254,
zucchini,ING0588,
zucchini or 1,ING1892,
zucchinis,ING1772,
इंच अदरक,ING1349,
इंच दालचीनी,ING0469,
कप आलू,ING1353,
कप इडली चावल,ING1477,
कप उड़द दाल,ING1478,
कप काजू पेस्ट,ING1360,
कप कॉर्न फ्लोर,ING1354,
कप खजूर,ING1398,
कप गाजर,ING1504,
कप घी,ING1039,
कप चीनी,ING0330,
कप चुकंदर,ING1481,
कप छाछ,ING1511,
कप टमाटर का पल्प,ING1359,
कप टमाटर सॉस,ING1519,
कप डेसिकेटेड नारियल,ING1514,
कप तूर दाल,ING1496,
कप तेल,ING1048,
कप दही,ING1047,
कप दूध,ING0378,
कप नारियल,ING1506,
कप नारियल का दूध,ING1510,
कप पनीर,ING1352,
कप पाउडर चीनी,ING1513,
कप पानी,ING0129,
कप पोहा,ING1479,
कप बासमती चावल,ING0579,
कप बीन्स,ING1505,
कप बेसन,ING0557,
कप मक्खन,ING1509,
कप मैदा,ING0432,
कप वर्मिसेली,ING1044,
कप व्हिपिंग क्रीम,ING1512,
कप शक्कर,ING1041,
कप शहद,ING1051,
कप स्ट्रॉबेरी जैम,ING1052,
काजू,ING0523,
कुछ करी पत्ते,ING0583,
कुछ चेरी,ING1515,
गाजर,ING0585,
गुच्छा पालक,ING1351,
ग्राम फाइन सेवई,ING1393,
ग्राम मशरूम,ING1522,
चाँदी का वर्क,ING1043,
टमाटर,ING0578,
टी स्पून अदरक पेस्ट,ING0787,
टी स्पून अदरक लहसुन का पेस्ट,ING1357,
टी स्पून अदरक लहसुन पेस्ट,ING0786,
टी स्पून इलाइची पाउडर,ING0678,
टी स्पून इलायची पाउडर,ING0769,
टी स्पून ईनो फ्रूट साल्ट,ING1488,
टी स्पून उड़द दाल,ING1502,
टी स्पून कश्मीरी लाल मिर्च पाउडर,ING0465,
टी स्पून कसूरी मेथी,ING0756,
टी स्पून काली मिर्च,ING0584,
टी स्पून केवरा पानी,ING1399,
टी स्पून केसर खाद्य रंग,ING1475,
टी स्पून कॉर्न फ्लोर,ING1521,
टी स्पून गरम मसाला,ING0464,
टी स्पून गुड़,ING1499,
टी स्पून घी,ING1501,
टी स्पून चना दाल,ING1503,
टी स्पून चीनी,ING0580,
टी स्पून जीरा,ING0394,
टी स्पून जीरा पाउडर,ING1498,
टी स्पून तिल,ING1489,
टी स्पून तेल,ING0214,
टी स्पून दही,ING1392,
टी स्पून दालचीनी पाउडर,ING1476,
टी स्पून धनिया पाउडर,ING0558,
टी स्पून नमक,ING0151,
टी स्पून नींबू का रस,ING0379,
टी स्पून बेकिंग पाउडर,ING0680,
टी स्पून बेकिंग सोडा,ING0524,
टी स्पून बेसन,ING1493,
टी स्पून मेथी,ING0784,
टी स्पून वनीला अर्क,ING1049,
टी स्पून वेनिला अर्क,ING0575,
टी स्पून शेज़वान सॉस,ING1520,
टी स्पून सरसों,ING0582,
टी स्पून सौंफ,ING1356,
टी स्पून हल्दी,ING0303,
टेबल स्पून काजू,ING1395,
टेबल स्पून किशमिश,ING0679,
टेबल स्पून कॉर्न फ्लोर,ING1517,
टेबल स्पून घी,ING0380,
टेबल स्पून चावल का आटा,ING1508,
टेबल स्पून चिरौंजी,ING1396,
टेबल स्पून चीनी,ING1050,
टेबल स्पून चुकंदर,ING1482,
टेबल स्पून तेल,ING1487,
टेबल स्पून दूध पाउडर,ING1391,
टेबल स्पून धनिया,ING0399,
टेबल स्पून धनिया पत्ते,ING1358,
टेबल स्पून धनिया स्टेम,ING1494,
टेबल स्पून नारियल,ING1490,
टेबल स्पून नींबू का रस,ING1486,
टेबल स्पून पत्ता गोभी,ING1518,
टेबल स्पून पिस्ता,ING1397,
टेबल स्पून प्याज,ING1348,
टेबल स्पून बादाम,ING1394,
टेबल स्पून मटर,ING1495,
टेबल स्पून मिंट,ING1483,
टेबल स्पून मूंगफली,ING1500,
टेबल स्पून रवा,ING1485,
टेबल स्पून विनेगर,ING0791,
टेबल स्पून शहद,ING1053,
टेबल स्पून सोया सॉस,ING0792,
टेबल स्पून हरा प्याज,ING0790,
तेल,ING0329,
पानी,ING1480,
पिंच हिंग,ING0581,
पुत्थी लहसुन,ING0556,
पैक नूडल्स,ING1516,
प्याज,ING0345,
फली इलायची,ING0577,
बर्फ का टुकड़ा,ING1040,
बीन्स,ING0788,
बे पत्ती,ING0576,
बे लीफ,ING1355,
मिर्च,ING0305,
रॉ प्लांटैन,ING1507,
लौंग,ING0785,
शिमला मिर्च,ING0586,
सूखे कोकम,ING1497,
सूखे मेवे,ING1042,
सूखे लाल मिर्च,ING0789,
सेब,ING1474,
हरी मिर्च,ING1350,
⅓ tsp turmeric powder,ING1343,
⅛ tsp turmeric powder,ING1145,
