ingredient_id,canonical_name,aliases
ING0001,salt,
ING0002,oil,olive oil
ING0004,ginger,
ING0005,sugar,granulated white sugar|powdered sugar
ING0006,garam masala,
ING0007,onion,
ING0008,cumin,cumin powder|cumin seeds|jeera
ING0009,turmeric,turmeric powder
ING0010,ghee,
ING0011,red chili powder,kashmiri red chili powder|kashmiri red chilli powder
ING0012,coriander powder,
ING0013,green chili,green chilies|green chilli
ING0014,red onion,
ING0015,coriander leaves,cilantro|cilantro or coriander leaves|coriander
ING0016,curry leaves,
ING0017,mustard seeds,mustard
ING0018,milk,
ING0019,lemon juice,
ING0020,cardamom powder,
ING0021,garlic,garlic cloves
ING0022,tomato,tomatoes
ING0023,butter,unsalted butter
ING0024,urad dal,
ING0025,pepper,black pepper|black pepper powder
ING0026,baking powder,
ING0027,chaat masala,
ING0028,bay leaf,
ING0029,besan,
ING0030,ginger garlic paste,
ING0031,vanilla extract,
ING0032,all purpose flour,maida
ING0033,baking soda,
ING0034,carrot,carrots
ING0035,capsicum,
ING0036,ajwain,
ING0037,cinnamon stick,
ING0038,kasuri methi,kasoori methi
ING0039,yogurt,curd|plain yogurt
ING0040,potato,potatoes
ING0041,chili,chilli
ING0042,chana dal,
ING0044,coriander seeds,
ING0045,hing,pinch hing|pinch of hing
ING0046,coconut,
ING0047,peanuts,
ING0048,soy sauce,
ING0049,dried red chilli,
ING0050,green peas,
ING0051,jaggery,
ING0052,corn flour,
ING0053,heavy cream,
ING0054,ginger paste or freshly grated or crushed,
ING0055,rice flour,
ING0056,almonds,
ING0057,paneer,
ING0058,basmati rice,
ING0059,cashews,cashew
ING0060,cornstarch,
ING0061,rava,
ING0062,dried red chilies,
ING0063,milk powder,
ING0064,sesame seeds,
ING0065,fennel seeds,
ING0067,pistachios,
ING0069,to mato,
ING0070,cabbage,
ING0071,whole wheat flour,
ING0072,smoked paprika,
ING0073,raisins,
ING0074,ginger paste,
ING0075,ginger-garlic paste,
ING0076,garam masala powder,
ING0077,red pepper,
ING0078,aamchur,
ING0079,methi,
ING0080,wheat flour,
ING0081,garlic paste or freshly grated,
ING0082,cinnamon,
ING0083,peas,
ING0084,vinegar,
ING0085,vegetable oil,
ING0086,pinch of salt,
ING0087,pinch salt,
ING0088,toor dal,
ING0089,cocoa powder,
ING0090,mint leaves,
ING0092,spring onion,
ING0093,amchur powder,
ING0094,black salt,
ING0097,cinnamon powder,
ING0098,pods cardamom,
ING0099,cashew nuts,
ING0100,green chutney,
ING0101,fennel,
ING0102,coconut milk,
ING0103,white vinegar,
ING0104,amchur,
ING0105,green pepper,
ING0106,rice vinegar,
ING0107,black cardamom,
ING0108,atta,
ING0109,oz cream cheese,
ING0110,lemon,
ING0111,mint,
ING0114,tomato sauce,
ING0115,tomato paste,
ING0117,cardamom,
ING0118,sooji,
ING0119,mustard oil,
ING0120,black peppercorns,
ING0121,green cardamom seeds powder,
ING0122,tamarind extract,
ING0123,brown sugar,
ING0124,coconut oil,
ING0126,nuts,
ING0127,green cardamoms,
ING0128,yellow onion,
ING0129,कप पानी,
ING0130,honey,
ING0131,mixed herbs,
ING0132,beans,
ING0133,water as required,
ING0134,sesame oil,
ING0135,golden raisins,
ING0136,kala namak,
ING0137,rock salt,
ING0138,lavang,
ING0139,oil for roasting,
ING0140,slice bread,
ING0141,saffron strands,
ING0142,cucumber,
ING0144,tomato ketchup,
ING0146,cilantro chutney,
ING0147,cream,
ING0148,slices bread,
ING0149,bread crumbs,
ING0150,roasted cumin powder,
ING0151,टी स्पून नमक,
ING0153,star anise,
ING0154,poppy seeds,
ING0155,chilli sauce,
ING0156,dried kashmiri red chilli,
ING0157,sev,
ING0158,whole milk,
ING0159,green cardamom pods,
ING0160,desiccated coconut powder,
ING0161,jalapeño,
ING0162,pure vanilla extract,
ING0163,plain yogurt ),
ING0164,cooked rice,
ING0165,kashmiri chilli powder,
ING0166,moong dal,
ING0167,sabudana,
ING0168,walnuts,
ING0169,fenugreek seeds,
ING0170,sweet corn,
ING0172,salted butter,
ING0173,gulkand,
ING0174,white onion,
ING0175,lime,
ING0177,dry coconut,
ING0178,saffron,
ING0179,mozzarella cheese,
ING0180,tamarind chutney,
ING0181,green cardamom,
ING0182,pinch cardamom powder,
ING0183,curry powder,
ING0185,sriracha,
ING0187,paprika,
ING0188,corn,
ING0189,condensed milk,
ING0190,beetroot,
ING0191,onions,
ING0192,fennel powder,
ING0193,biryani masala,
ING0194,water to knead,
ING0195,pav bhaji masala,
ING0196,tomato puree,
ING0197,desiccated coconut,
ING0198,red chili flakes,
ING0199,liter whole milk,
ING0200,spinach,
ING0201,toasted sesame oil,
ING0202,almond flour,
ING0203,white granulated sugar,
ING0205,a pinch hing,
ING0206,chilli flakes,
ING0208,whole cashews,
ING0209,tutti frutti,
ING0210,rolled oats,
ING0211,okra,
ING0212,cauliflower,
ING0214,टी स्पून तेल,
ING0215,green beans,
ING0216,white pepper powder,
ING0218,mawa,
ING0219,lemon juice or lime juice,
ING0220,heavy whipping cream or fresh cream or malai,
ING0221,ball sized tamarind,
ING0222,schezwan sauce,
ING0223,dry yeast,
ING0224,jalapeno,
ING0225,dates,
ING0226,bread slices,
ING0227,ice cubes,
ING0228,rose syrup,
ING0229,unsweetened cocoa powder,
ING0230,pinch baking soda,
ING0231,methi seeds,
ING0232,lime juice,
ING0233,mangoes,
ING0234,oz extra-firm tofu,
ING0235,whole dried red chilies,
ING0236,maple syrup,
ING0237,grated ginger,
ING0238,arhar dal,
ING0239,cubes paneer,
ING0240,pizza sauce,
ING0241,banana,
ING0242,sized onion,
ING0243,sweet tamarind chutney,
ING0244,oil or ghee,
ING0245,masoor dal,
ING0246,dried oregano,
ING0247,cauliflower florets,
ING0248,cayenne pepper,
ING0249,paprika powder,
ING0250,stalks green onion,
ING0251,pomegranate arils,
ING0252,broken cashews,
ING0253,thandai powder,
ING0254,jaggery powder,
ING0255,yellow moong dal,
ING0258,fenugreek leaves,
ING0259,strands saffron,
ING0260,piece tamarind,
ING0261,red chilli,
ING0262,thickened cream,
ING0263,rice,
ING0264,litre milk,
ING0265,saffron milk,
ING0266,aamchur powder,
ING0268,pinch asafoetida,
ING0269,lauki,
ING0270,grated coconut,
ING0271,poha,
ING0272,avocado,
ING0274,crushed kasuri methi,
ING0275,canola oil,
ING0276,avocado oil,
ING0277,bay leaves,
ING0278,heavy whipping cream,
ING0279,half lemon,
ING0280,tamarind paste,
ING0281,red bell pepper,
ING0282,quinoa,
ING0283,paan leaves,
ING0284,green onions,
ING0288,dry mango powder,
ING0289,to matoes,
ING0291,full cream milk,
ING0292,chilli powder,
ING0293,cheese,
ING0294,dry fruits,
ING0295,mayonnaise,
ING0296,spring onions,
ING0297,water for soaking,
ING0298,mango puree,
ING0299,dried red chili,
ING0300,khoya,
ING0303,टी स्पून हल्दी,
ING0304,shahi jeera,
ING0305,मिर्च,
ING0307,italian seasoning,
ING0308,chat masala,
ING0309,eggplant,
ING0311,juice of 1,
ING0312,moong dal dhuli,
ING0313,sliced almonds,
ING0314,grated garlic,
ING0315,vegetable broth,
ING0317,oz can diced tomatoes,
ING0319,hot sauce,
ING0320,pinch saffron strands,
ING0321,red onion ),
ING0322,vanilla,
ING0323,light brown sugar,
ING0324,ground cinnamon,
ING0325,lemon zest,
ING0328,rajma,
ING0329,तेल,
ING0330,कप चीनी,
ING0331,olives,
ING0332,sesame,
ING0333,cashew paste,
ING0334,pinch of baking soda,
ING0335,mushrooms,
ING0336,sambar powder,
ING0337,chickpea,
ING0338,bhindi,
ING0339,dosa batter,
ING0340,custard powder,
ING0341,pinch of asafoetida,
ING0342,pomegranate seeds,
ING0345,प्याज,
ING0346,ginger powder,
ING0347,schezwan chutney,
ING0348,idli rice,
ING0349,celery,
ING0350,juice of 1 lime,
ING0351,paneer cubes,
ING0352,sweet potatoes,
ING0353,nutmeg powder,
ING0354,orange food color,
ING0355,eggs,
ING0359,oz can condensed milk,
ING0360,white sesame seeds,
ING0361,oz can chickpeas,
ING0362,water ),
ING0363,chocolate chips,
ING0364,thai basil,
ING0365,black mustard seeds,
ING0366,whole green cardamom,
ING0368,broccoli florets,
ING0370,lime wedges,
ING0371,ghee ),
ING0372,generous pinch saffron strands,
ING0373,garlic powder,
ING0374,roasted peanuts,
ING0378,कप दूध,
ING0379,टी स्पून नींबू का रस,
ING0380,टेबल स्पून घी,
ING0381,pinch of chaat masala,
ING0382,tomato pulp,
ING0383,saunf,
ING0384,badam,
ING0385,sweet corn kernels,
ING0386,baby potatoes,
ING0387,raw mango,
ING0388,ginger - garlic paste,
ING0389,channa dal,
ING0390,thick curd,
ING0392,ghee or oil,
ING0393,salt as required,
ING0394,टी स्पून जीरा,
ING0395,boondi,
ING0396,buttermilk,
ING0397,pinch chaat masala,
ING0398,peanut butter,
ING0399,टेबल स्पून धनिया,
ING0400,kale,
ING0401,granulated sugar,
ING0403,ground ginger,
ING0404,melted ghee,
ING0406,sour cream,
ING0407,green bell pepper,
ING0408,chickpeas,
ING0409,active dry yeast,
ING0410,green coriander chutney,
ING0411,frozen green peas,
ING0412,oz can coconut milk,
ING0413,oz spaghetti,
ING0415,generous pinch hing,
ING0417,dried rose petals,
ING0418,oz paneer,
ING0419,black eyed peas,
ING0420,powdered jaggery,
ING0421,powdered sugar ),
ING0422,green onion,
ING0424,cooking oil spray,
ING0427,white distilled vinegar,
ING0428,sprigs cilantro or coriander leaves,
ING0431,piece jaggery,
ING0432,कप मैदा,
ING0433,strawberry,
ING0434,noodles,
ING0435,butter for roasting,
ING0436,slice tomato,
ING0437,soya chunks,
ING0438,whole cashew,
ING0439,chocolate chip,
ING0440,oats,
ING0441,breadcrumbs,
ING0442,black sesame seeds,
ING0443,green capsicum,
ING0444,red capsicum,
ING0445,sized potato,
ING0446,chocolate,
ING0447,chana,
ING0448,eno,
ING0449,bunch spinach,
ING0450,roasted chana dal,
ING0451,lettuce leaves,
ING0452,ginger ),
ING0453,slice lemon,
ING0454,kashmiri red chilli,
ING0455,tamarind pulp,
ING0456,cornflour,
ING0457,whipped cream,
ING0458,jowar flour,
ING0459,sweetened condensed milk,
ING0460,tamarind juice,
ING0461,corn starch,
ING0462,palak,
ING0463,grated cheese,
ING0464,टी स्पून गरम मसाला,
ING0465,टी स्पून कश्मीरी लाल मिर्च पाउडर,
ING0466,goda masala,
ING0467,dry ginger powder,
ING0468,kalonji,
ING0469,इंच दालचीनी,
ING0470,shallots,
ING0471,oz spinach,
ING0472,juice of 1 lemon,
ING0473,black cardamoms,
ING0474,chole masala,
ING0476,peppercorns,
ING0477,chandi ka vark,
ING0479,balsamic vinegar,
ING0482,whole dried red chili,
ING0483,apples,
ING0484,green food color,
ING0485,pineapple,
ING0486,onion tomato masala,
ING0487,ground black pepper,
ING0488,juice of half lemon,
ING0489,raw cashews,
ING0490,oz white mushrooms,
ING0491,tamari,
ING0492,oil ),
ING0494,dark soy sauce,
ING0495,flour,
ING0496,greek yogurt,
ING0497,urad dal dhuli,
ING0498,tamarind concentrate,
ING0500,salt ),
ING0501,dijon mustard,
ING0503,hoisin sauce,
ING0504,apple cider vinegar,
ING0506,parsley,
ING0509,fennel seeds powder,
ING0512,anardana powder,
ING0514,whey,
ING0518,dried white chickpeas,
ING0519,mango pulp or puree,
ING0520,white sugar,
ING0521,pav,
ING0522,brinjal,
ING0523,काजू,
ING0524,टी स्पून बेकिंग सोडा,
ING0525,cheddar cheese,
ING0526,putani,
ING0527,gm wheat flour,
ING0528,drops green food colour,
ING0529,pudina,
ING0530,baby corn,
ING0531,cold milk,
ING0532,gm maida,
ING0533,handful of sev,
ING0534,warm milk,
ING0535,panko bread crumbs,
ING0536,mango pulp,
ING0537,thick poha,
ING0538,green chillies,
ING0539,bombay rava,
ING0541,carom seeds,
ING0542,raw rice,
ING0543,grapes,
ING0544,gobi,
ING0545,cherry,
ING0546,mango pieces,
ING0547,oregano,
ING0548,basil leaves,
ING0549,radish,
ING0550,aloo bhaji,
ING0552,fresh,
ING0553,gram flour,
ING0554,a pinch of asafoetida,
ING0555,semolina,
ING0556,पुत्थी लहसुन,
ING0557,कप बेसन,
ING0558,टी स्पून धनिया पाउडर,
ING0559,dosa rice,
ING0560,puffed rice,
ING0561,eno fruit salt,
ING0562,apple,
ING0563,pinch cumin powder,
ING0564,pinch turmeric,
ING0565,grams sugar,
ING0566,florets gobi,
ING0567,cooked basmati rice,
ING0568,fried onions,
ING0569,saffron food colour,
ING0570,pear,
ING0571,sattu,
ING0572,pinch aamchur,
ING0573,tea bags,
ING0574,suji,
ING0575,टी स्पून वेनिला अर्क,
ING0576,बे पत्ती,
ING0577,फली इलायची,
ING0578,टमाटर,
ING0579,कप बासमती चावल,
ING0580,टी स्पून चीनी,
ING0581,पिंच हिंग,
ING0582,टी स्पून सरसों,
ING0583,कुछ करी पत्ते,
ING0584,टी स्पून काली मिर्च,
ING0585,गाजर,
ING0586,शिमला मिर्च,
ING0587,pickle masala,
ING0588,zucchini,
ING0589,urad dal sabut,
ING0590,raw chickpeas,
ING0591,chickpea flour,
ING0592,black tea bags,
ING0594,burger buns,
ING0596,baby spinach,
ING0597,pecans,
ING0598,kewra essence,
ING0599,cilantro leaves,
ING0600,bell peppers,
ING0601,egg,
ING0603,lb carrots,
ING0604,red wine vinegar,
ING0605,pink food color,
ING0607,red curry paste,
ING0608,raw peanuts,
ING0611,oz can black beans,
ING0612,crumbled paneer,
ING0613,vegetarian oyster sauce,
ING0614,oz tofu,
ING0615,sendha namak,
ING0616,oat milk,
ING0617,kashmiri red chili powder ),
ING0618,whole green cardamoms,
ING0619,stalks green onions,
ING0621,medjool dates,
ING0622,crushed pistachios,
ING0623,green chili sauce,
ING0625,ragi flour,
ING0626,liters whole milk,
ING0627,whole milk yogurt,
ING0629,to 1,
ING0630,flaxseed meal,
ING0631,citric acid,
ING0632,bananas,
ING0633,melon seeds,
ING0636,biscoff cookies,
ING0637,besan ),
ING0639,caster sugar,
ING0641,instant coffee,
ING0642,ground nutmeg,
ING0643,lemon extract,
ING0645,panch phoron,
ING0646,splash vanilla extract,
ING0647,dried chickpeas,
ING0650,tahini,
ING0654,khas khas,
ING0655,kashmiri dried red chilies,
ING0660,peanut oil,
ING0662,freshly grated nutmeg,
ING0663,dry kala chana,
ING0664,ginger garlic paste ),
ING0665,tomatoes ),
ING0668,plain yogurt whisked till smooth),
ING0672,a pinch sugar,
ING0673,singhare ka atta,
ING0675,chana masala powder,
ING0676,rajgira ka atta,
ING0677,moth beans,
ING0678,टी स्पून इलाइची पाउडर,
ING0679,टेबल स्पून किशमिश,
ING0680,टी स्पून बेकिंग पाउडर,
ING0681,pinch of kashmiri red chilli powder,
ING0682,vermicelli,
ING0683,agar agar,
ING0684,water or as required,
ING0685,gm sugar,
ING0686,gm olive oil,
ING0687,mango powder,
ING0688,mushroom,
ING0689,hung curd,
ING0690,pod black cardamom,
ING0691,rasam powder,
ING0692,handful coriander,
ING0693,ripened banana,
ING0694,red food colour,
ING0695,putani powder,
ING0696,churumuri,
ING0697,fresh coconut,
ING0698,peanut powder,
ING0699,red chilli flakes,
ING0700,handful of coriander leaves,
ING0701,peri peri sauce,
ING0702,dalia,
ING0703,chapati,
ING0704,cheddar,
ING0705,strands of saffron,
ING0706,water to knead dough,
ING0708,lettuce,
ING0709,boiled potato,
ING0710,oil to grease mould and deep fry,
ING0712,bitter gourd,
ING0713,bread slice,
ING0714,ash gourd,
ING0715,chia seeds,
ING0716,low fat milk,
ING0717,choco chips,
ING0718,whole dried kashmiri red chilli,
ING0719,agar-agar,
ING0720,caraway seeds,
ING0721,nutmeg,
ING0722,whole kashmiri red chilli,
ING0723,pinch of cumin powder,
ING0724,kashmiri chili powder,
ING0725,fistful of coriander leaves,
ING0726,scoop vanilla ice cream,
ING0727,methi powder,
ING0728,suran,
ING0729,tin,
ING0730,strawberries,
ING0731,raw banana,
ING0732,thick avalakki,
ING0733,cupcake liners,
ING0734,thick fresh curd,
ING0735,fistful pudina,
ING0736,broccoli,
ING0737,fistful coriander leaves,
ING0738,fried onion,
ING0739,mozzarella or cheddar cheese,
ING0740,water as required for kneading,
ING0741,wheat flour for dusting,
ING0742,ghee or oil as required,
ING0743,idlis,
ING0744,cinammon stick,
ING0746,crushed black pepper,
ING0747,size tomato,
ING0748,size onion,
ING0749,of urad dal,
ING0750,ball of tamarind,
ING0751,tamarind,
ING0752,melted butter,
ING0753,thin rice flakes,
ING0756,टी स्पून कसूरी मेथी,
ING0757,pinch saffron food colour,
ING0758,scoops vanilla ice cream,
ING0759,handful mint,
ING0760,red-hot charcoal,
ING0761,grams oil,
ING0762,"butter, room temperature",
ING0763,florets cauliflower,
ING0764,mango,
ING0765,orange,
ING0766,hot oil,
ING0767,green moong dal,
ING0768,idli,
ING0769,टी स्पून इलायची पाउडर,
ING0770,moong sprouts,
ING0771,cubes capsicum,
ING0772,dark chocolate,
ING0773,eggless mayonnaise,
ING0774,"gm carrot, grated",
ING0775,idli rice or sona masuri rice,
ING0776,cubes cheese,
ING0777,kaju,
ING0778,thin poha,
ING0779,cherry tomato,
ING0780,dill leaves,
ING0781,horsegram,
ING0782,pinch kashmiri red chilli powder,
ING0783,butter for toasting,
ING0784,टी स्पून मेथी,
ING0785,लौंग,
ING0786,टी स्पून अदरक लहसुन पेस्ट,
ING0787,टी स्पून अदरक पेस्ट,
ING0788,बीन्स,
ING0789,सूखे लाल मिर्च,
ING0790,टेबल स्पून हरा प्याज,
ING0791,टेबल स्पून विनेगर,
ING0792,टेबल स्पून सोया सॉस,
ING0793,pieces of chocolate,
ING0794,sugar crystals,
ING0795,jasmine rice,
ING0796,stalks of spring onion,
ING0797,oz semi-sweet chocolate chips,
ING0798,crushed coriander seeds,
ING0799,more oil,
ING0801,dried mango powder,
ING0802,water or vegetable broth,
ING0803,parsley or cilantro,
ING0806,hing powder,
ING0808,green cardamom powder,
ING0809,crumbled khoya,
ING0810,dried mango powder [amchur],
ING0811,sliced nuts,
ING0812,all purpose flour [maida],
ING0813,ajwain [carom seeds],
ING0814,kasuri methi [dried fenugreek leaves],
ING0815,vanilla ice cream,
ING0816,parmesan cheese,
ING0817,fresh basil,
ING0818,urad dal dhuli [split black gram without skin],
ING0819,dry milk powder,
ING0820,chocolate sauce,
ING0822,dill,
ING0824,whole almonds,
ING0827,cheese slices,
ING0828,baby eggplants,
ING0830,eggplants,
ING0832,yellow food color,
ING0834,red lentils,
ING0835,ground cumin,
ING0836,agar agar flakes,
ING0837,cherries,
ING0838,extra-firm tofu,
ING0839,crushed peanuts,
ING0840,dried milk powder,
ING0842,mooli,
ING0844,grated mawa,
ING0845,rotis,
ING0846,coconut extract,
ING0847,lemon or lime,
ING0850,black beans,
ING0851,kidney beans,
ING0852,stalks lemongrass,
ING0853,whisked plain yogurt,
ING0855,whole black peppercorns,
ING0858,head cauliflower,
ING0859,pinch cinnamon powder,
ING0860,thai green chili,
ING0861,nylon sev,
ING0862,shredded cheese,
ING0863,lemon wedges,
ING0864,crushed canned tomatoes,
ING0867,sweet onion,
ING0869,tandoori masala,
ING0871,edible silver leaves,
ING0876,kala chana,
ING0877,urad dal ),
ING0879,grated paneer,
ING0880,arbi,
ING0881,basil,
ING0882,generous pinch of hing,
ING0885,ground turmeric,
ING0887,ground cardamom,
ING0888,gulab jamuns,
ING0889,motichoor ladoo,
ING0891,urad dal gota,
ING0892,old fashioned rolled oats,
ING0893,stalk celery,
ING0894,pinch garam masala,
ING0895,fine sooji,
ING0896,indian butterscotch essence,
ING0897,peppers,
ING0898,yogurt ),
ING0899,gochujang,
ING0900,chili bean sauce,
ING0901,lb tofu,
ING0902,generous pinch baking soda,
ING0908,pinch ajwain,
ING0909,grated carrots,
ING0910,vegan butter,
ING0911,chickpea flour [besan],
ING0913,mint chutney,
ING0914,sambal oelek,
ING0916,all spice,
ING0917,parle-g biscuits,
ING0918,mustard greens,
ING0919,white chocolate melting wafers,
ING0920,handful mint leaves,
ING0921,drops peppermint extract,
ING0923,beets,
ING0925,chipotle powder,
ING0927,yellow corn,
ING0928,red chili powder ),
ING0930,minced garlic,
ING0931,minced ginger,
ING0932,chili oil,
ING0935,confectioners sugar,
ING0936,pineapple juice,
ING0937,"unsalted butter , at room temperature)",
ING0938,cardamom essence,
ING0939,almond milk,
ING0940,oz chocolate,
ING0941,oz heavy cream,
ING0942,canola oil or any flavorless oil,
ING0943,fresh blueberries,
ING0944,orange extract,
ING0945,watermelon seeds,
ING0946,mashed banana,
ING0947,crushed dried rose petals,
ING0948,almond extract,
ING0950,cardamom pods,
ING0951,blueberries,
ING0952,unsweetened applesauce,
ING0953,rice wine,
ING0954,milk ),
ING0955,bunches cilantro,
ING0957,roasted vermicelli,
ING0958,bura,
ING0959,mawa ),
ING0966,mukhwas,
ING0968,bunch cilantro,
ING0972,murmura,
ING0973,thin nylon sev,
ING0974,meethi chutney,
ING0975,corn flakes cereal,
ING0976,a pinch or 1,
ING0978,batch buttercream frosting,
ING0979,whole green moong dal,
ING0986,dried red chilies ),
ING0990,can sweetened condensed milk,
ING0996,almonds ),
ING0999,garlic ),
ING1001,short grain rice,
ING1003,chilkewali moong dal,
ING1004,coconut ),
ING1013,sooji ),
ING1018,"coconut , grated)",
ING1021,"plain yogurt , sour)",
ING1025,or 7 oz paneer,
ING1027,strands mace,
ING1029,a pinch baking powder,
ING1031,sugar ),
ING1035,a pinch baking soda,
ING1037,kashmiri red chilli pwoder,
ING1038,farsan,
ING1039,कप घी,
ING1040,बर्फ का टुकड़ा,
ING1041,कप शक्कर,
ING1042,सूखे मेवे,
ING1043,चाँदी का वर्क,
ING1044,कप वर्मिसेली,
ING1045,butter for serving,
ING1046,honey for serving,
ING1047,कप दही,
ING1048,कप तेल,
ING1049,टी स्पून वनीला अर्क,
ING1050,टेबल स्पून चीनी,
ING1051,कप शहद,
ING1052,कप स्ट्रॉबेरी जैम,
ING1053,टेबल स्पून शहद,
ING1054,mashed,
ING1055,puri,
ING1056,handful sev,
ING1058,pinch orange food colour,
ING1060,dried kashmir red chilli,
ING1061,chapathi,
ING1062,tspschezwan sauce,
ING1064,slices processed cheese,
ING1065,pinch of soda,
ING1066,whole green chilli,
ING1067,handful coriander leaves,
ING1068,gm curd,
ING1069,drops saffron food colour,
ING1070,dry fenugreek leaves,
ING1071,black chana,
ING1072,ball tamarind,
ING1073,matar,
ING1074,ginger-garlic,
ING1075,white peas,
ING1076,handful pudina,
ING1077,gm or 2 pack rice noodles,
ING1080,custard powder ),
ING1081,cubes panner,
ING1082,dry grapes,
ING1083,milkmaid,
ING1084,paan leaf,
ING1086,whole lemon juice,
ING1087,"gm unsalted butter, room temperature",
ING1088,gm condensed milk,
ING1089,gm cream cheese,
ING1090,icing sugar,
ING1091,rasins,
ING1092,whole black pepper,
ING1093,handful of pomegranate seeds,
ING1094,masala peanuts,
ING1095,garlic chutney,
ING1096,florets broccoli,
ING1097,maggi pack,
ING1100,chana masala,
ING1101,cubes mozzarella cheese,
ING1102,threads saffron,
ING1103,ice cream ),
ING1104,green chilli paste,
ING1106,boiled vegetables,
ING1107,coconut chutney,
ING1108,pav bhaji masala powder,
ING1109,handful of tutti frutti,
ING1110,handful of palak,
ING1111,instant gulab jamun mix,
ING1112,pack maggi noodles or any noodles,
ING1113,pack maggi masala,
ING1114,boiled potatoes,
ING1116,leftover chapati,
ING1117,garlic mayonnaise,
ING1118,slices tomatoes,
ING1119,grated mozzarella cheese,
ING1120,mustard sauce,
ING1121,saffron threads,
ING1122,chocolate pieces,
ING1124,fried gram dal,
ING1125,fistful peanuts,
ING1126,of urad dal or uddina bele,
ING1127,of channa dal or kadle bele,
ING1128,of rice flour,
ING1129,of dry coconut,
ING1130,oil to fry,
ING1132,litre full cream milk,
ING1133,bean,
ING1134,soya bean,
ING1135,water to boil,
ING1136,soya chaap sticks,
ING1137,fresh cream,
ING1139,mace,
ING1141,lukewater as required,
ING1142,amla,
ING1143,inch ginger,
ING1144,methi leaves,
ING1145,⅛ tsp turmeric powder,
ING1146,handful of mozzarella,
ING1147,oil to deep fry,
ING1148,green chillis,
ING1149,pumpkin,
ING1150,moong dal kachori or matar kachori,
ING1151,gulla,
ING1152,sandige menasu,
ING1153,ripped tomatoes,
ING1154,generous pinch asafoetida,
ING1155,black grapes,
ING1156,grape syrup,
ING1157,th tsp baking powder,
ING1158,th tsp baking soda,
ING1159,cooking oil,
ING1160,handful of mozzarella cheese,
ING1161,jalapeños,
ING1162,pinch of chilli flakes,
ING1163,pinch of oregano,
ING1164,sized purple brinjal,
ING1166,bunch palak leaves,
ING1167,sized potatoes,
ING1168,chili sauce,
ING1169,sized tomatoes,
ING1170,kashmiri red chili pwoder,
ING1171,sized capsicum ),
ING1172,size raw banana,
ING1173,onion ),
ING1174,of curd,
ING1175,cubes of ice,
ING1176,chocolate syrup,
ING1177,full cream cows,
ING1179,bar dark chocolate,
ING1180,mustard powder,
ING1181,hakka noodles or any noodles,
ING1182,seeds methi,
ING1183,kashmiri red chili,
ING1184,basil seeds,
ING1185,falooda sev,
ING1186,mango jelly,
ING1187,scoop mango ice cream,
ING1188,pinch red food colour,
ING1189,stem spring onions,
ING1190,rice noodles,
ING1192,"blocks cream cheese, softened",
ING1193,long beans,
ING1194,tindora,
ING1195,elephant foot yam,
ING1196,drumstick,
ING1197,pieces mango,
ING1198,dried red chilis,
ING1199,ginger and garlic,
ING1200,dry garlic powder,
ING1202,cheese slice,
ING1203,mayonnaise sauce,
ING1204,sized carrot,
ING1205,pickled jalapeños,
ING1206,black olives,
ING1208,puris,
ING1209,pinch of kashmiri chili powder,
ING1211,cooked toor dal,
ING1212,oreo biscuits,
ING1214,oreo biscuit,
ING1215,full cream milk powder,
ING1217,ripped red tomatoes,
ING1218,water as required to knead dough,
ING1219,cabbage leaf for placing in tray,
ING1220,packet maggi masala,
ING1221,packet maggi noodles,
ING1222,sized cucumber,
ING1223,waffle cones,
ING1224,fistful mint,
ING1226,full recipe of chole,
ING1227,crushed pepper,
ING1228,snake gourd,
ING1229,piece of tamarind,
ING1231,sal,
ING1232,water as required to blend smooth,
ING1233,idli rava,
ING1234,oil to grease idli plate,
ING1235,sugar powder,
ING1236,instant masala dosa mix,
ING1238,whisked curd,
ING1239,salt as per the taste,
ING1240,water to maintain the consistency,
ING1241,carrot ),
ING1242,inches ginger,
ING1246,handful spaghetti,
ING1247,panko bread crumbs or any of your choice,
ING1248,to othpick to secure mushrooms,
ING1249,palak leaves,
ING1250,big bitter gourd,
ING1251,preferably coconut oil,
ING1252,big piece jaggery,
ING1254,tomato sauce or add as required,
ING1255,bowl beetroot,
ING1256,salt for taste,
ING1257,slice of bread ),
ING1258,bowl set dosa batter,
ING1259,pepper powder,
ING1262,salt a pinch,
ING1263,sona masuri rice,
ING1264,menthe,
ING1265,paper avalakki,
ING1266,oil for greasing tawa,
ING1267,mattu gulla,
ING1268,cooked toor daal,
ING1270,grape size tamarind,
ING1272,piece dry pomegranate peels,
ING1273,yoghurt,
ING1274,sun dried kokum,
ING1275,red chilli powder,
ING1276,oma,
ING1277,oil as required,
ING1278,fresh okras,
ING1279,green chilli ),
ING1280,sprig of curry leaves,
ING1282,kadle bele,
ING1283,to 12 byadagi or bedgi red chilies,
ING1285,to 14 curry leaves,
ING1286,asafoetida,
ING1287,of dried coconut,
ING1288,stem curry leaves,
ING1289,stem coriander leaves,
ING1290,tea powder,
ING1291,cardamoms,
ING1294,toor daal,
ING1295,split urad dal,
ING1296,sweet potato,
ING1297,water to prepare batter,
ING1298,plain flour,
ING1299,coco powder,
ING1300,a pinch of baking soda,
ING1301,fistful chocolate chunks,
ING1302,fistful raisins,
ING1303,sugar powder for toppings,
ING1304,chocolate syrup for toppings,
ING1306,of fresh or desiccated coconut,
ING1307,lemon sized tamarind,
ING1308,byadgi,
ING1309,size cucumber,
ING1311,grape sized tamarind,
ING1312,of mustard seeds,
ING1313,of coconut,
ING1314,coconut oil or cooking oil,
ING1316,strads coriander leaves,
ING1318,idli rava - cream of rice,
ING1319,coconut oil to grease,
ING1321,fresh grated coconut,
ING1325,stalks spring onion,
ING1327,springs coriander leaves,
ING1328,basale soppu,
ING1329,dried kasmiri red chilli,
ING1330,sized kumbalakai,
ING1331,grated,
ING1333,dried red chillies,
ING1334,fistful of groundnuts,
ING1335,sugar or as required,
ING1336,jackfruit leaves for making idli kotte,
ING1337,coconut leaf stick,
ING1338,unroasted rava,
ING1339,mustard seeds!for avalakki or bajil upkari,
ING1340,strand curry leaves,
ING1341,red chillies,
ING1342,hesaru bele or moong dal,
ING1343,⅓ tsp turmeric powder,
ING1344,saasuve,
ING1345,or ½ tsp garam masala powder,
ING1346,or 2 dried red chilli,
ING1347,ginger or adrak,
ING1348,टेबल स्पून प्याज,
ING1349,इंच अदरक,
ING1350,हरी मिर्च,
ING1351,गुच्छा पालक,
ING1352,कप पनीर,
ING1353,कप आलू,
ING1354,कप कॉर्न फ्लोर,
ING1355,बे लीफ,
ING1356,टी स्पून सौंफ,
ING1357,टी स्पून अदरक लहसुन का पेस्ट,
ING1358,टेबल स्पून धनिया पत्ते,
ING1359,कप टमाटर का पल्प,
ING1360,कप काजू पेस्ट,
ING1361,dry mango pwoder,
ING1362,ball sized wheat dough,
ING1363,baingan,
ING1364,puliyogare masala,
ING1365,crushed dry fruits,
ING1366,mango ),
ING1367,jeea,
ING1368,glass cola,
ING1369,kesar,
ING1370,chilli paste,
ING1371,water to grind,
ING1373,pinch of orange food colour,
ING1374,grams kokum,
ING1375,drumsticks,
ING1376,pack noodles,
ING1377,of orange food colour,
ING1378,raw papaya,
ING1379,drops food colour,
ING1380,leaves mint,
ING1381,grams ash gourd,
ING1382,raspberry,
ING1383,scoop vanilla ice-cream,
ING1384,pomegranate,
ING1385,cubes potato,
ING1386,green chillli,
ING1387,roasted split gram,
ING1388,petals onion,
ING1389,black chickpea,
ING1390,tutti-frutti,
ING1391,टेबल स्पून दूध पाउडर,
ING1392,टी स्पून दही,
ING1393,ग्राम फाइन सेवई,
ING1394,टेबल स्पून बादाम,
ING1395,टेबल स्पून काजू,
ING1396,टेबल स्पून चिरौंजी,
ING1397,टेबल स्पून पिस्ता,
ING1398,कप खजूर,
ING1399,टी स्पून केवरा पानी,
ING1400,gm butter,
ING1401,of ghee,
ING1403,gms suvarnagadde,
ING1404,lemon sized tamarind extract,
ING1405,bansi rava,
ING1406,drops of green food colour,
ING1407,th tsp cardamom powder,
ING1408,silver vark,
ING1409,baby potato,
ING1410,butter to grill,
ING1411,chikpea,
ING1412,grams curd,
ING1413,grams maida,
ING1414,grams tutti frutti,
ING1415,parle-g,
ING1417,white chocolate for decoration,
ING1419,burger bun,
ING1420,gm milk,
ING1421,"gm milk powder, full cream",
ING1422,sprinkle kashmiri red chilli powder,
ING1423,sprinkle cumin powder,
ING1424,sprinkle chaat masala,
ING1425,sprinkle salt,
ING1426,coriander to garnish,
ING1427,garam masala[,
ING1428,oil for roasting chilla,
ING1429,eno fruit salt or pinch of baking soda,
ING1430,gm milkmaid,
ING1431,gm cocoa powder,
ING1432,salt or sand,
ING1433,kokum,
ING1434,shah jeera,
ING1435,biryani masala powder,
ING1436,pack vermicelli noodles,
ING1437,spring roll sheets,
ING1438,gm buttermilk,
ING1440,balck pepper,
ING1441,kashmir red chilli powder,
ING1442,papad,
ING1443,almond,
ING1444,orange food colour,
ING1445,elbow macaroni,
ING1446,cube paneer,
ING1447,cube capsicum,
ING1448,jeerakasala rice,
ING1449,limestone,
ING1451,corn flakes,
ING1452,lobia,
ING1453,ghee for roasting,
ING1454,slice jalapeno,
ING1455,oil for greasing,
ING1456,maize flour,
ING1457,bunch mustard leaves,
ING1458,cornmeal,
ING1459,water to seal,
ING1460,kahmiri red chilli powder,
ING1461,pack rice vermicelli,
ING1462,handful curry leaves,
ING1463,bunch radish leaves,
ING1464,slice potato,
ING1465,slice cucumber,
ING1466,chill,
ING1467,orange mandarin,
ING1468,leaves pudina,
ING1470,water for kneading,
ING1471,fried peanuts,
ING1472,pomegranate powder,
ING1473,choc bits,
ING1474,सेब,
ING1475,टी स्पून केसर खाद्य रंग,
ING1476,टी स्पून दालचीनी पाउडर,
ING1477,कप इडली चावल,
ING1478,कप उड़द दाल,
ING1479,कप पोहा,
ING1480,पानी,
ING1481,कप चुकंदर,
ING1482,टेबल स्पून चुकंदर,
ING1483,टेबल स्पून मिंट,
ING1484,bunch palak,
ING1485,टेबल स्पून रवा,
ING1486,टेबल स्पून नींबू का रस,
ING1487,टेबल स्पून तेल,
ING1488,टी स्पून ईनो फ्रूट साल्ट,
ING1489,टी स्पून तिल,
ING1490,टेबल स्पून नारियल,
ING1491,bajra atta,
ING1492,raw plantain,
ING1493,टी स्पून बेसन,
ING1494,टेबल स्पून धनिया स्टेम,
ING1495,टेबल स्पून मटर,
ING1496,कप तूर दाल,
ING1497,सूखे कोकम,
ING1498,टी स्पून जीरा पाउडर,
ING1499,टी स्पून गुड़,
ING1500,टेबल स्पून मूंगफली,
ING1501,टी स्पून घी,
ING1502,टी स्पून उड़द दाल,
ING1503,टी स्पून चना दाल,
ING1504,कप गाजर,
ING1505,कप बीन्स,
ING1506,कप नारियल,
ING1507,रॉ प्लांटैन,
ING1508,टेबल स्पून चावल का आटा,
ING1509,कप मक्खन,
ING1510,कप नारियल का दूध,
ING1511,कप छाछ,
ING1512,कप व्हिपिंग क्रीम,
ING1513,कप पाउडर चीनी,
ING1514,कप डेसिकेटेड नारियल,
ING1515,कुछ चेरी,
ING1516,पैक नूडल्स,
ING1517,टेबल स्पून कॉर्न फ्लोर,
ING1518,टेबल स्पून पत्ता गोभी,
ING1519,कप टमाटर सॉस,
ING1520,टी स्पून शेज़वान सॉस,
ING1521,टी स्पून कॉर्न फ्लोर,
ING1522,ग्राम मशरूम,
ING1523,drops or ¼ tsp red food colour,
ING1524,corainder powder,
ING1525,udupi saaru pudi,
ING1526,pack maggi tastemaker,
ING1527,pack maggi,
ING1529,cardamom power,
ING1530,ball sized,
ING1531,colocasia leaves,
ING1532,yeast,
ING1533,corn flakes crumb,
ING1534,cubes onion,
ING1535,sliced capsicum,
ING1536,sliced olives,
ING1537,coriander pwoder,
ING1538,fenugreek,
ING1539,chiroti rava,
ING1540,gingelly oil,
ING1541,banana leaf,
ING1542,ragda,
ING1543,samosa,
ING1544,garam amasala,
ING1545,panner,
ING1546,peanut oil for serving,
ING1547,pickle masala for serving,
ING1548,cream for garnishing,
ING1549,mint for garnishing,
ING1550,thread saffron,
ING1551,"shallot, halves",
ING1552,sugarpinch hing,
ING1553,"grams butter, softened",
ING1554,grams wheat flour,
ING1555,slice mozzarella cheese,
ING1556,tomatoes [500 grams],
ING1558,ginger [12 grams],
ING1559,green chili [1 gram] or adjust,
ING1560,spinach [75 grams],
ING1562,rice vinegar or use regular white vinegar,
ING1563,can sweetened condensed milk [14 oz,
ING1564,generous pinch of nutmeg powder,
ING1565,poblano pepper,
ING1566,chipotle peppers in adobo sauce,
ING1567,extra adobo sauce,
ING1568,cilantro or mint,
ING1569,red chili pwoder,
ING1572,russet potato or 2 potatoes,
ING1574,carrot cubes,
ING1575,pinch of white pepper powder,
ING1576,oz uncle ben&#039;s roasted garlic rice,
ING1577,oz extra firm tofu,
ING1579,black pepper or,
ING1580,sprig green onion,
ING1581,cooked quinoa,
ING1582,pinch of cayenne pepper,
ING1585,oz frozen chikoo slices,
ING1588,asafoetida powder,
ING1589,frozen berries,
ING1590,frozen banana,
ING1594,lemon slices,
ING1595,raw green mangoes,
ING1597,stick,
ING1599,ounces all purpose flour,
ING1602,spinach blend,
ING1603,cayenne,
ING1604,garam masala powder + more to sprinkle,
ING1606,potato or 2,
ING1607,pinch of ajwain,
ING1608,very mangoes or 3 mangoes,
ING1610,glazed cherries,
ING1611,coconut cream,
ING1612,egg yolks,
ING1613,pinch of nutmeg powder,
ING1615,toasted coconut chips,
ING1616,mixed dal [equal amount of toor,
ING1618,coconut powder,
ING1620,roasted nuts,
ING1622,cheese slices [i used pepper jack cheese],
ING1624,cilantro mint chutney,
ING1625,potatoes [around 420 grams],
ING1626,carrot [around 1,
ING1627,garlic [from 3-4 garlic pods],
ING1629,black salt [kala namak],
ING1630,garam masala powder [optional],
ING1631,red onions,
ING1633,firmly packed methi,
ING1634,garam masala powder + more to sprinkle on top,
ING1635,water or as required to knead the dough,
ING1636,oil [i used avocado oil],
ING1637,shredded cauliflower [from 1,
ING1638,ajwain seeds [carom seeds],
ING1639,moong dal [120 grams],
ING1641,pinch of saffron strands,
ING1643,black peppercorn,
ING1644,tomatoes [around 550 grams],
ING1645,minced garlic and ginger,
ING1646,kashmiri mirch powder,
ING1647,cilantro + more to sprinkle later,
ING1648,drops of kewra essence,
ING1649,french baguette,
ING1650,roma tomatoes,
ING1651,garlic salt,
ING1652,pinch of pepper,
ING1656,beetroots,
ING1657,green chili [or add more ],
ING1658,peaches,
ING1659,old fashioned oats,
ING1660,cinnamon powder [i went a little heavy on cinnamon powder,
ING1661,puff pastry sheet [9x9],
ING1662,olives [i used california black ripe olives],
ING1664,oz pack of almond breeze almond milk original,
ING1666,pinch garam masala powder,
ING1667,fresh cilantro,
ING1668,rava or sooji [fine semolina],
ING1672,chana dal [split bengal gram],
ING1673,ghee [clarified butter],
ING1674,salt or,
ING1676,milk [i used 2%],
ING1679,vanilla extract [optional],
ING1681,fresh mint leaves,
ING1682,fresh strawberry puree [from around 20-25 strawberries],
ING1685,rose water [optional],
ING1686,coriander or cilantro,
ING1687,ginger piece,
ING1688,urad dal chilka,
ING1690,red chili powder [adjust ],
ING1692,pinch of red chili powder,
ING1693,sugar or,
ING1694,loose tea leaves [i used indian society tea brand],
ING1695,kale [ using food processor],
ING1696,scallion or spring onion [only the white part],
ING1698,gm white button mushrooms,
ING1699,fresh ginger-garlic paste,
ING1700,crushed kasuri methi [dried fenugreek leaves],
ING1701,cauliflower head,
ING1703,sugar [i used vegan granulated white sugar],
ING1704,whole dry red chili,
ING1706,lemon juice [optional],
ING1707,rise krispies,
ING1708,chat masala [optional],
ING1709,pizza base,
ING1710,thick yogurt or hung curd,
ING1711,shredded mozzarella cheese or,
ING1712,sandwich masala,
ING1713,big green pepper,
ING1715,cheese slices [i used amul cheese slice],
ING1716,red bell pepper or ¼ of a big pepper,
ING1717,ghee [or butter],
ING1718,whole red chilies,
ING1719,moong dal dhuli [yellow split lentil],
ING1721,sugar [optional],
ING1722,sweet tamarind chutney [i used store bought],
ING1725,drops of rose essence [optional],
ING1726,shredded coconut,
ING1727,dried figs,
ING1729,sweet corn [i used frozen],
ING1735,mint flakes,
ING1736,onion seeds [kalonji],
ING1737,coconut [use fresh for best result],
ING1738,sesame seeds [till],
ING1739,poppy seeds [khus khus],
ING1743,whole dry red chilies,
ING1751,litre whole milk,
ING1752,watermelon,
ING1754,dried mint,
ING1755,black loose tea leaves,
ING1756,crushed pineapple [ i used crushed pineapple can],
ING1757,paan leaves [betel leaves],
ING1758,milk [i used 1%],
ING1759,gulkand [rose petal preserve],
ING1760,corn kernels [i used frozen corn],
ING1761,dried basil,
ING1762,spinach leaves,
ING1763,to rtillas,
ING1764,kasturi methi,
ING1765,white potatoes [260 grams],
ING1766,x 15.5 oz can of chickpeas,
ING1767,more cilantro,
ING1768,fruit salt,
ING1769,black beans [234 grams],
ING1770,chipotle powder + more to sprinkle at the end,
ING1772,zucchinis,
ING1774,yellow or red onion,
ING1775,ground coriander,
ING1776,ground sumac,
ING1777,dried parsley,
ING1778,dried mint flakes,
ING1779,pinch of sugar,
ING1783,dragon fruit,
ING1784,liter vanilla ice cream,
ING1786,canided fennel,
ING1787,mishri,
ING1789,mint extract,
ING1790,drops green food color,
ING1791,thick coconut milk,
ING1792,raw mangoes,
ING1793,panchporan,
ING1794,tabelspoons peanut butter,
ING1795,cooked chickpeas,
ING1796,diced tomato,
ING1797,diced cucumber,
ING1798,diced celery,
ING1801,can evaporated milk,
ING1802,can condensed milk,
ING1803,fresh strawberry puree,
ING1804,strawberry extract,
ING1805,pinch hing ),
ING1806,pinch black salt,
ING1807,raspberries,
ING1812,broken vermicelli,
ING1814,juice of 1 lemon or lime,
ING1815,ripe peaches,
ING1816,hummus,
ING1817,cooked black beans,
ING1819,bell pepper,
ING1820,nutritional yeast,
ING1821,tender coconut meat,
ING1824,cardamom powder [from 6-7 green cardamom pods],
ING1825,pinch of saffron,
ING1828,green grapes,
ING1830,"crushed pistachios, sliced almonds, tutti frutti",
ING1831,urad dal dhuli ),
ING1832,rice flour or cornstarch,
ING1836,toor,
ING1839,panch phoran mix,
ING1840,squeeze of fresh lemon juice,
ING1841,oz can of hunt's fire roasted diced tomatoes,
ING1842,white beans,
ING1843,can coconut milk,
ING1844,slices galangal,
ING1847,thai chilies,
ING1848,vegan yogurt,
ING1849,sweet chili sauce,
ING1851,more desiccated coconut powder,
ING1852,black chickpeas,
ING1855,packed methi leaves,
ING1856,semolina [sooji],
ING1859,grate carrots,
ING1860,brown rice`,
ING1861,tofu,
ING1862,ground pepper,
ING1863,lb baby spinach,
ING1865,fresh lemon juice,
ING1866,lb baby potatoes,
ING1870,pinch coriander powder,
ING1871,japanese eggplant,
ING1872,generous pinch saffron,
ING1874,lb spinach,
ING1877,whole coriander seeds,
ING1879,oz can lite coconut milk,
ING1882,assorted fruits,
ING1884,whole raw cashews,
ING1885,saffron strands hot water),
ING1886,pine nuts,
ING1889,oz mushrooms,
ING1890,lemon or lime wedges,
ING1891,pepperidge farm® puff pastry sheet,
ING1892,zucchini or 1,
ING1894,shredded parmesan cheese,
ING1895,crumbled feta cheese,
ING1897,"poha , soaked for 5-10 minutes)",
ING1898,"chaat masala, kala namak , cumin powder",
ING1899,red peppers,
ING1900,firmly packed baby spinach,
ING1903,white rice,
ING1904,red enchilada sauce ),
ING1905,green enchilada sauce,
ING1906,tortilla chips,
ING1907,whole masoor dal,
ING1908,white basmati rice,
ING1909,yellow moong dal dhuli,
ING1910,quinoa`,
ING1912,stalks celery,
ING1913,sriracha or any hot sauce,
ING1914,`1 red pepper,
ING1915,butter if possible),
ING1916,more amul butter,
ING1917,piece of charcoal,
ING1920,oz can fire roasted tomatoes,
ING1921,corn kernels,
ING1924,oz wide rice noodles ),
ING1925,olive oil or ghee,
ING1929,whole bay leaf,
ING1930,plain whole yogurt,
ING1933,mint powder,
ING1935,oz can refried beans,
ING1936,grated pepper jack cheese,
ING1937,tamarind dates chutney,
ING1938,lb greek yogurt,
ING1940,sugar for a sweeter halwa),
ING1941,whole cashew nuts,
ING1944,cabbage: 1,
ING1947,chat masala or garam masala,
ING1948,panang curry paste,
ING1949,creamy peanut butter,
ING1950,water or vegetable broth ),
ING1952,head broccoli,
ING1953,cheese slices ),
ING1954,kalonji seeds,
ING1955,asafetida,
ING1958,squeeze of lemon juice,
ING1959,oz cauliflower rice,
ING1960,pinch baking powder,
ING1966,thinly sliced onion,
ING1971,nigella seeds,
ING1972,oz penne pasta,
ING1973,oz can diced tomato,
ING1977,pomegranate seed powder,
ING1979,whole peppercorns,
ING1980,ginger julienne,
ING1983,generous pinch saffron strands hot milk),
ING1984,oz can sweetened condensed milk,
ING1985,rice stick noodles,
ING1986,thai chili,
ING1987,bean sprouts,
ING1988,garlic chives,
ING1989,crushed,
ING1990,papadum,
ING1992,x puff pastry sheets,
ING1993,half lime,
ING1997,lb pizza dough,
ING1998,seedless tamarind ),
ING1999,whole black cardamom,
ING2000,whole green mung beans,
ING2001,quinoa ),
ING2002,finely grated khoya [dried milk],
ING2004,sweetener of choice,
ING2005,cinnamon or cardamom powder,
ING2007,pinch green cardamom powder,
ING2008,"flattened rice, also known as poha",
ING2009,tamarind sweet chutney,
ING2010,oz white chocolate,
ING2011,shaved white chocolate,
ING2012,pistachio,
ING2013,dried rose buds,
ING2017,thickened milk from the rasmalai,
ING2018,rasmalai essence,
ING2019,crushed parle-g biscuit crumbs,
ING2020,generous pinch of cardamom powder,
ING2021,drops kesar elaichi essence,
ING2023,"unsalted butter , melted)",
ING2024,chum chum,
ING2026,dried rose buds or petals,
ING2031,methi leaves ),
ING2032,oz stir-fry rice noodles,
ING2033,green onions ),
ING2034,kilogram red carrots,
ING2041,brown rice,
ING2042,potato gnocchi,
ING2043,white pepper,
ING2044,sriracha mayonnaise,
ING2046,buckwheat flour,
ING2047,mashed potato,
ING2048,loose tea leaves,
ING2049,cashew milk,
ING2050,"sugar, jaggery",
ING2051,idli-dosa batter,
ING2053,oz condensed milk,
ING2054,drop yellow food color,
ING2055,broken raw cashews,
ING2056,tablepoons tomato paste,
ING2057,"dried white peas , 200 grams, soaked overnight)",
ING2058,of a big lemon,
ING2059,ground pistachios,
ING2060,white chickpeas,
ING2066,kashmiri whole dried red chilies,
ING2067,paneer momos,
ING2069,sea salt,
ING2071,oil`,
ING2073,noodles ),
ING2077,"cauliflower , cut into size florets)",
ING2079,the spice hunter coriander powder,
ING2080,the spice hunter cumin powder,
ING2081,the spice hunter smoked paprika,
ING2082,the spice hunter turmeric,
ING2085,lime or lemon juice,
ING2090,makhana,
ING2091,coconut slices,
ING2094,more desiccated coconut,
ING2095,"moong dal dhuli , 205 grams)",
ING2097,sweet syrup from the gulab jamun,
ING2099,feenel seeds,
ING2102,badam halwa,
ING2104,pistachios kernels,
ING2105,puff pastry sheet,
ING2106,potato ),
ING2107,of green pepper,
ING2108,pinch red chili powder,
ING2109,naan ),
ING2110,puff pastry sheet ),
ING2111,tablsepoon milk,
ING2115,thin sev,
ING2117,ground coffee,
ING2122,head cauliflower ),
ING2123,mirin,
ING2125,kasmiri red chili powder,
ING2127,grated beets,
ING2130,"teasppon salt , )",
ING2131,all purpose flour flour if needed),
ING2132,"cashew milk, unsweetened",
ING2133,cashew milk yogurt,
ING2134,green jackfruit,
ING2136,roasted cashews,
ING2137,grated onion,
ING2139,whisked yogurt,
ING2140,pinch kashmiri red chili powder,
ING2142,broccoli head,
ING2143,fresh ginger,
ING2144,lemons,
ING2146,oz arugula,
ING2148,parle-g bicsuits,
ING2149,"pistachios, saffron strands",
ING2151,mint leaves ),
ING2152,cilantro ),
ING2156,chestnuts,
ING2157,head butter lettuce,
ING2162,th of a 14 oz. can condensed milk,
ING2163,daliya,
ING2164,lemon wedge,
ING2165,cherry tomatoes,
ING2166,pesto,
ING2171,fresh figs,
ING2172,"mixed greens like spinach, bathua",
ING2173,white radish,
ING2177,toasted and crushed almonds,
ING2178,edible gold leaves,
ING2183,heavy cream ),
ING2184,"candied fennel, tutti frutti",
ING2187,oz feta cheese,
ING2190,thick yogurt,
ING2192,lb brussel sprouts,
ING2193,lb squash,
ING2194,whole green chilies,
ING2195,diced butternut squash,
ING2196,split red lentils,
ING2197,of 13.5 oz can coconut milk,
ING2198,dried cranberries,
ING2200,butternut squash,
ING2201,crushed tomatoes,
ING2202,oz cranberries,
ING2203,orange juice,
ING2205,orange zest,
ING2206,poblano peppers,
ING2207,ancho chili pepper,
ING2208,edible gum,
ING2209,lb butternut squash,
ING2211,oz goat cheese,
ING2212,oz elbow macaroni,
ING2213,cut french beans,
ING2214,diced carrots,
ING2215,jalapeno pepper,
ING2218,thandai,
ING2219,teapoon hot sauce,
ING2220,pinch white pepper powder,
ING2223,drops paan essence,
ING2224,eno ),
ING2226,grated onions,
ING2227,chole masala or store-bought),
ING2230,soda water ),
ING2231,hot honey and sea salt flakes,
ING2233,flour tortillas,
ING2235,heavy cream [or milk or half n half],
ING2236,pineapple slices,
ING2237,maraschino cherries,
ING2238,oil [i used canola oil],
ING2239,litre + 3 tbsp whole milk,
ING2242,fennel seed,
ING2244,oz jar biscoff cookie butter,
ING2246,instant coffee powder,
ING2248,silvered almonds,
ING2249,dried rose petal,
ING2252,superfine caster sugar,
ING2254,zest of 1 lemon,
ING2255,all purpose flour`,
ING2257,non-dairy milk,
ING2258,molasses,
ING2259,maraschino cheeries,
ING2261,pineapple essence,
ING2263,dried apricots,
ING2264,dried fruit,
ING2265,apple juice,
ING2266,graham cracker crumbs,
ING2268,thandai paste,
ING2269,drops rose essence,
ING2271,jam,
ING2272,stick butter,
ING2275,"butter , at room temperature. you can use either unsalted or salted butter. i used unsalted.)",
ING2276,"almonds, pistachios and dried rose petals",
ING2277,unsalted vegan butter ),
ING2279,"unsalted butter , at room temperature )",
ING2280,crushed almonds,
ING2281,"salted butter , at room temperature )",
ING2282,loose black tea leaves,
ING2283,sticks unsalted butter,
ING2286,nutmeg powder and more to sprinkle,
ING2289,all purpose flour or maida,
ING2290,besan or chickpea flour,
ING2291,sooji or semolina,
ING2293,confectioners sugar or powdered sugar,
ING2294,salted butter [1 stick],
ING2296,cardamom powder [optional],
ING2297,some almonds,
ING2298,whole wheat flour [atta],
ING2302,milk or heavy cream,
ING2303,kewra essence or rose essence,
ING2304,instant rabdi,
ING2306,edible golden leaves,
ING2309,very apple [from 1 apple],
ING2311,powdered sugar`,
ING2315,white whole wheat flour,
ING2316,shredded carrot,
ING2317,turbinado sugar,
ING2319,chili garlic sauce,
ING2320,water or broth,
ING2321,sona masoori rice,
ING2322,urad dal gota ),
ING2324,marinara sauce ),
ING2325,ounces baby spinach,
ING2326,no-boil lasagna noodles,
ING2327,basil and cilantro,
ING2329,pinch sugar,
ING2330,karela,
ING2333,pinch saffron,
ING2334,"stick salted butter , at room temperature)",
ING2335,sheet puff pastry,
ING2338,oz noodles,
ING2340,stalks lemongrass ),
ING2341,x 13.5 oz can coconut milk,
ING2343,pinch black pepper,
ING2345,makki atta,
ING2346,kesar pista shrikhand,
ING2347,cookies,
ING2348,"nuts, edible silver leaves",
ING2349,whole green cardamom pods,
ING2352,sourdough bread slices ),
ING2354,teaspooon garam masala,
ING2356,"nuts like almonds, cashews",
ING2357,head of a cauliflower,
ING2358,of a green pepper,
ING2363,dark chocolate melting wafers,
ING2364,"crushed pistachios, dried rose petals, edible silver leaves, coconut powder",
ING2365,phyllo dough sheets,
ING2366,melted butter or ghee,
ING2368,grated burfi and boondi,
ING2370,frozen corn,
ING2374,mascarpone cheese,
ING2375,gulab jamun,
ING2376,strong coffee,
ING2377,rum extract,
ING2378,"pistachios, dried rose petals , edible gold leaves",
ING2379,cornflakes,
ING2382,phyllo shells ),
ING2383,chole,
ING2384,oz salsa,
ING2385,oz ricotta cheese,
ING2387,"candied fennel, dried rose petals, crushed pistachios, edible gold leaves",
ING2389,dinner rolls,
ING2392,canada dry zero,
ING2393,sliced white mushroom,
ING2394,"oz tofu, cubed",
ING2395,of 14 oz can coconut milk,
ING2396,granny smith apple,
ING2397,honeycrisp apple,
ING2398,non alcoholic apple cider,
ING2400,"candied fennel, coconut",
ING2401,x15 oz can black beans,
ING2402,salsa,
ING2403,ancho chile pepper powder,
ING2405,corn tortillas,
ING2406,jalapenos,
ING2413,red chili sauce,
ING2416,head green cabbage,
ING2422,ginger snaps,
ING2423,white chocolate,
ING2424,grated lauki,
ING2425,mashed paneer,
ING2426,black raisins,
ING2427,pearl onions,
ING2429,masoor dal dhuli,
ING2431,chocolate chunks,
ING2437,"cumin powder, black salt",
ING2438,"chaat masala, red chili powder",
ING2442,rose petals,
ING2444,pineapple chunks,
ING2445,of a bell pepper,
ING2446,can of 14 oz diced tomatoes,
ING2449,sliced banana,
ING2450,cereal of choice,
ING2451,coconut flakes,
ING2452,vanilla custard powder [i use the one we get at indian stores,
ING2454,ripe mangoes,
ING2461,oz mascarpone cheese,
ING2463,rusks,
ING2464,fresh mango cubes,
ING2470,chives,
ING2471,salted peanuts,
ING2472,kataifi pastry,
ING2473,pistachio paste,
ING2475,oz dark chocolate melting wafers,
ING2476,mango essence,
ING2477,fresh cut mangoes and mango puree,
ING2478,"fresh fruits, maple syrup, butter to serve",
ING2479,sushi rice,
ING2481,green pepper or capsicum,
ING2482,scallion,
ING2485,spring onion greens,
ING2486,hazelnut spread,
ING2489,red cherries,
ING2491,chocolate wafers,
ING2493,stalks of green onion,
ING2494,berbere spice,
ING2496,cilantro or parsley,
ING2499,pound whole milk greek yogurt,
ING2500,"mango puree , preferably use indian mangoes like kesar, alphonso )",
ING2502,lb okra,
ING2504,"cabbage, carrot, cilantro",
ING2505,oz rigatoni pasta,
ING2506,russet potatoes,
ING2507,cooked sushi rice,
ING2508,nori sheets,
ING2510,"strawberries, maple syrup, butter",
ING2514,to 3 potatoes,
ING2515,` green chili,
ING2517,oz can young jackfruit,
ING2519,glutinous rice,
ING2521,ground flaxseed,
ING2523,hot coffee,
ING2524,hazelnuts,
ING2525,nutella,
ING2528,phyllo shells,
ING2530,avocados,
ING2531,dry garlic chutney,
ING2533,x 1 inch ginger,
ING2536,pitted dates,
ING2539,pinch,
ING2544,melting chocolate wafers,
ING2545,crushed pistachios and dried rose petals,
ING2546,sourdough bread slices,
ING2547,freshly grated coconut,
ING2549,ladi pav,
ING2552,red lentil,
ING2554,tamarind piece,
ING2558,oz whole wheat penne pasta,
ING2560,yellow onions,
ING2562,masoor dal sabut,
ING2563,feta cheese,
ING2564,"corn strips, croutons",
ING2565,za&#39;atar,
ING2566,lemon juice of,
ING2569,french loaf,
ING2574,turbinado,
ING2576,pinch citric aid,
ING2577,slivered pistachios and edible silver leaves,
ING2579,oil or butter,
ING2582,chai tea bags [ i used tazo organic black chai tea bags ],
ING2583,whipped topping,
ING2585,orange pepper,
ING2586,head of broccoli,
ING2587,coconut sugar,
ING2589,basil or cilantro,
ING2590,pints cherry or grape tomatoes,
ING2591,extra virgin olive oil,
ING2592,oz block feta cheese,
ING2593,oz pasta,
ING2594,sichuan peppercorns,
ING2595,oz shiitake mushrooms,
ING2597,celery ribs,
ING2598,parsnips,
ING2599,dried rosemary,
ING2600,italian parsley,
ING2602,lb diced butter nut squash,
ING2605,black freshly,
ING2606,oz hummus,
ING2608,sumac,
ING2611,kataifi dough,
ING2612,oz dark chocolate,
ING2613,ground pistachio powder,
ING2614,jamun pulp,
ING2615,honey or sugar,
ING2619,sprouted moong,
ING2621,rooh afza syrup,
ING2623,full fat milk powder,
ING2630,sprigs curry leaves,
ING2632,vanilla paste,
ING2633,sprinkles,
ING2637,or 3 no. green cardamoms,
ING2640,or 10 oz paneer,
ING2642,cumin-coriander powder,
ING2645,piece ginger,
ING2648,tondli,
ING2649,"rock flower , optional)",
ING2650,strand mace,
ING2651,mixed vegetables,
ING2657,or about 300 grams raw mango,
ING2663,green chili peppers ),
ING2664,strands saffron ),
ING2669,heavy whipping cream ),
ING2670,piece green chili ),
ING2679,oz chocolate chips,
ING2681,mango juice,
ING2682,a pinch dry ginger powder,
ING2683,roof afza syrup or rose syrup,
ING2684,a pinch green cardamom seeds powder,
ING2687,ice cream,
ING2688,graham cracker crumbs or crushed digestive biscuits,
ING2689,"plain yogurt make sure it is thick, not watery)",
ING2690,cashew nuts ),
ING2707,raw,
ING2708,fresh tuvar dana,
ING2711,ghee clarified butter,
ING2713,slices bread ),
ING2726,no. idli,
ING2729,leftover dal,
ING2730,a pinch red chilli flakes,
ING2732,or 1 1,
ING2733,vatana,
ING2734,pani puri masala powder,
ING2736,water to soak tamarind),
ING2741,ginger and green chili paste or crushed into mortar,
ING2743,phool makhana,
ING2744,dried coconut slices,
ING2746,water as needed),
ING2750,plain yogurt whisked),
ING2751,pineapple puree,
ING2753,lagre green chili,
ING2754,sprig or 8-10 curry leaves,
ING2758,or 1,
ING2775,valor,
ING2782,cheese ),
ING2784,beetroot leaves and stems,
ING2785,beetroot leaves and stems –,
ING2788,long grain rice or basmati rice,
ING2789,little more than 1,
ING2790,ground almonds,
ING2793,corn cobs,
ING2795,or 8 oz cream cheese,
ING2796,cumin seeds ),
ING2797,fennel seeds ),
ING2799,black peppercorns ),
ING2800,cinnamon stick ),
ING2802,leftover any punjabi chole gravy,
ING2808,khoya ),
ING2811,strained dal water after boiling chana dal for puran poli,
ING2812,the pan,
ING2814,instant oats,
ING2815,boiled chickpeas,
ING2819,or ½ pound spaghetti,
ING2823,tabelspoon cilantro or coriander leaves,
ING2824,piece cinnamon stick,
ING2827,slices cheese,
ING2828,leaves lettuce,
ING2839,coarse besan ),
ING2840,charoli,
ING2842,bunch cilantro or coriander leaves,
ING2843,sama ke chawal,
ING2845,tamarind paste ),
ING2849,peanuts ),
ING2850,onion tomato masala ),
ING2852,less than 1,
ING2860,fried noodles,
ING2861,of nutmeg,
ING2863,indian tea,
ING2865,packet active dry yeast ),
ING2871,cantaloupe,
ING2872,navel oranges,
ING2876,instant yeast,
ING2878,mustard oil ),
ING2879,split mustard seeds,
ING2880,split fenugreek seeds,
ING2883,or 300 grams or 12 oz raw mango,
ING2884,mustard seeds powder,
ING2885,fenugreek seeds powder,
ING2893,whole urad dal,
ING2894,tomato pureed,
ING2895,eggplant ),
ING2896,oz dry pasta ),
ING2899,oz cheddar cheese,
ING2902,sticks drumsticks,
ING2905,lb dried chickpeas ),
ING2907,"tomatoes , roma or plum tomatoes)",
ING2909,cilantro or coriander leaves ),
ING2913,tikka masala spice mix,
ING2914,of red onion,
ING2922,cream of tartar,
ING2923,white chocolate chips,
ING2924,slivered almonds,
ING2932,"plain yogurt , chilled)",
ING2936,leaves spinach,
ING2939,lb potatoes ),
ING2941,white onion ),
ING2942,lb tomatoes,
ING2945,chaas,
ING2946,nylon sabudana ),
ING2948,a tiny piece cinnamon stick,
ING2952,dried rose petals ),
ING2953,"water , to soak onion rings)",
ING2954,of green chili ),
ING2955,or 500 grams sweet potatoes,
ING2958,oz grams paneer,
ING2959,greek yogurt ),
ING2960,kasoori methi ),
ING2961,skewers,
ING2962,batch mint chutney,
ING2963,of white onion,
ING2966,fine semolina ),
ING2968,sheets spring roll wrappers,
ING2969,"tomatoes , washed and cut into chunks)",
ING2970,tamarind ),
